Player,Position,Age,G,GS,MP,FG,FGA,FG%,3P,3PA,3P%,2P,2PA,2P%,eFG%,FT,FTA,FT%,ORB,DRB,TRB,TRBPG,AST,ASTPG,STL,STLPG,BLK,BLKPG,TOV,TOVPG,PF,PFPG,PTS,PPG,EFF
Trae Young,PG,23,76,76,2652,711,1544,0.46,233,610,0.382,478,934,0.512,0.536,500,553,0.904,50,234,284,3.737,737,9.697,72,0.947,7,0.092,303,3.987,128,1.684,2155,28.355,27.184
Chris Paul,PG,36,65,65,2139,363,736,0.493,63,199,0.317,300,537,0.559,0.536,169,202,0.837,22,261,283,4.354,702,10.800,121,1.862,20,0.308,153,2.354,134,2.062,958,14.738,23.462
James Harden,PG,32,65,65,2419,407,992,0.41,148,448,0.33,259,544,0.476,0.485,470,536,0.877,55,445,500,7.692,667,10.262,82,1.262,36,0.554,284,4.369,153,2.354,1432,22.031,27.415
Tyrese Haliburton,SG-PG,21,77,77,2695,430,909,0.473,161,389,0.414,269,520,0.517,0.562,160,190,0.842,61,250,311,4.039,628,8.156,134,1.740,49,0.636,199,2.584,121,1.571,1181,15.338,20.714
Dejounte Murray,PG,25,68,68,2366,573,1241,0.462,96,294,0.327,477,947,0.504,0.5,196,247,0.794,80,483,563,8.279,627,9.221,138,2.029,23,0.338,180,2.647,138,2.029,1438,21.147,27.794
Nikola Jokić,C,26,74,74,2476,764,1311,0.583,97,288,0.337,667,1023,0.652,0.62,379,468,0.81,206,813,1019,13.770,584,7.892,109,1.473,63,0.851,281,3.797,191,2.581,2004,27.081,38.676
Darius Garland,PG,22,68,68,2430,542,1173,0.462,174,454,0.383,368,719,0.512,0.536,215,241,0.892,39,185,224,3.294,583,8.574,89,1.309,7,0.103,248,3.647,115,1.691,1473,21.662,21.632
LaMelo Ball,PG,20,75,75,2422,538,1254,0.429,220,565,0.389,318,689,0.462,0.517,212,243,0.872,108,393,501,6.680,571,7.613,119,1.587,30,0.400,245,3.267,237,3.160,1508,20.107,23.160
Luka Dončić,PG,22,65,65,2301,641,1403,0.457,201,569,0.353,440,834,0.528,0.529,364,489,0.744,56,537,593,9.123,568,8.738,75,1.154,36,0.554,292,4.492,145,2.231,1847,28.415,29.846
Russell Westbrook,PG,33,78,78,2678,548,1233,0.444,79,265,0.298,469,968,0.485,0.476,266,399,0.667,110,470,580,7.436,550,7.051,75,0.962,20,0.256,295,3.782,235,3.013,1441,18.474,19.910
Kyle Lowry,PG,35,63,63,2133,276,627,0.44,144,382,0.377,132,245,0.539,0.555,148,174,0.851,33,249,282,4.476,474,7.524,67,1.063,17,0.270,168,2.667,177,2.810,844,13.397,18.079
D'Angelo Russell,PG,25,65,65,2077,401,975,0.411,176,518,0.34,225,457,0.492,0.502,198,240,0.825,25,191,216,3.323,460,7.077,62,0.954,22,0.338,165,2.538,130,2.000,1176,18.092,17.769
Jrue Holiday,PG,31,67,64,2207,478,954,0.501,132,321,0.411,346,633,0.547,0.57,137,180,0.761,69,232,301,4.493,457,6.821,108,1.612,29,0.433,183,2.731,133,1.985,1225,18.284,21.164
Fred VanVleet,PG,27,65,65,2462,442,1097,0.403,242,642,0.377,200,455,0.44,0.513,194,222,0.874,44,245,289,4.446,434,6.677,111,1.708,35,0.538,170,2.615,162,2.492,1320,20.308,20.554
Marcus Smart,PG,27,71,71,2296,300,718,0.418,119,360,0.331,181,358,0.506,0.501,142,179,0.793,42,228,270,3.803,417,5.873,119,1.676,18,0.254,159,2.239,160,2.254,861,12.127,15.085
Stephen Curry,PG,33,64,64,2211,535,1224,0.437,285,750,0.38,250,474,0.527,0.554,275,298,0.923,34,301,335,5.234,404,6.313,85,1.328,23,0.359,206,3.219,130,2.031,1630,25.469,24.359
Giannis Antetokounmpo,PF,27,67,67,2204,689,1245,0.553,71,242,0.293,618,1003,0.616,0.582,553,766,0.722,134,644,778,11.612,388,5.791,72,1.075,91,1.358,219,3.269,212,3.164,2002,29.881,34.970
Mike Conley,PG,34,72,72,2058,344,791,0.435,169,414,0.408,175,377,0.464,0.542,129,162,0.796,47,170,217,3.014,385,5.347,96,1.333,21,0.292,123,1.708,142,1.972,986,13.694,15.306
Ja Morant,PG,22,57,57,1889,580,1177,0.493,88,256,0.344,492,921,0.534,0.53,316,415,0.761,77,248,325,5.702,384,6.737,66,1.158,22,0.386,196,3.439,86,1.509,1564,27.439,25.772
Jalen Brunson,SG,25,79,61,2524,506,1008,0.502,94,252,0.373,412,756,0.545,0.549,179,213,0.84,43,266,309,3.911,377,4.772,66,0.835,3,0.038,124,1.570,151,1.911,1285,16.266,17.468
Kevin Porter Jr.,PG,21,61,61,1907,335,808,0.415,155,413,0.375,180,395,0.456,0.511,124,193,0.642,43,224,267,4.377,376,6.164,69,1.131,22,0.361,192,3.148,156,2.557,949,15.557,15.557
DeMar DeRozan,PF,32,76,76,2743,774,1535,0.504,50,142,0.352,724,1393,0.52,0.521,520,593,0.877,56,336,392,5.158,374,4.921,68,0.895,24,0.316,181,2.382,178,2.342,2118,27.868,25.803
Julius Randle,PF,27,72,72,2544,512,1246,0.411,120,390,0.308,392,856,0.458,0.459,303,401,0.756,125,591,716,9.944,370,5.139,53,0.736,39,0.542,245,3.403,205,2.847,1447,20.097,21.500
Cole Anthony,PG,21,65,65,2059,357,912,0.391,132,391,0.338,225,521,0.432,0.464,216,253,0.854,32,316,348,5.354,369,5.677,46,0.708,17,0.262,170,2.615,171,2.631,1062,16.338,16.615
Derrick White,SG,27,75,52,2199,337,800,0.421,115,369,0.312,222,431,0.515,0.493,203,235,0.864,38,223,261,3.480,366,4.880,64,0.853,58,0.773,119,1.587,172,2.293,992,13.227,15.027
Pascal Siakam,PF,27,68,68,2578,596,1207,0.494,75,218,0.344,521,989,0.527,0.525,284,379,0.749,128,452,580,8.529,360,5.294,85,1.250,42,0.618,181,2.662,225,3.309,1551,22.809,25.456
Reggie Jackson,SG,31,75,75,2337,479,1222,0.392,167,512,0.326,312,710,0.439,0.46,138,163,0.847,39,232,271,3.613,359,4.787,55,0.733,15,0.200,173,2.307,159,2.120,1263,16.840,13.627
Khris Middleton,SF,30,66,66,2141,452,1021,0.443,162,434,0.373,290,587,0.494,0.522,259,291,0.89,41,315,356,5.394,358,5.424,76,1.152,18,0.273,190,2.879,160,2.424,1325,20.076,20.333
Donovan Mitchell,SG,25,67,67,2266,617,1376,0.448,232,654,0.355,385,722,0.533,0.533,267,313,0.853,55,227,282,4.209,358,5.343,99,1.478,12,0.179,200,2.985,164,2.448,1733,25.866,22.075
Cade Cunningham,SG,20,64,64,2088,429,1031,0.416,114,363,0.314,315,668,0.472,0.471,142,168,0.845,58,296,354,5.531,356,5.563,78,1.219,43,0.672,234,3.656,200,3.125,1114,17.406,16.922
Kevin Durant,PF,33,55,55,2047,578,1115,0.518,115,300,0.383,463,815,0.568,0.57,372,409,0.91,29,378,407,7.400,351,6.382,48,0.873,52,0.945,191,3.473,113,2.055,1643,29.873,31.564
LeBron James,C,37,56,56,2084,640,1221,0.524,161,448,0.359,479,773,0.62,0.59,254,336,0.756,63,396,459,8.196,349,6.232,73,1.304,59,1.054,196,3.500,121,2.161,1695,30.268,31.714
Spencer Dinwiddie,PG,28,67,51,1980,306,735,0.416,112,330,0.339,194,405,0.479,0.493,195,252,0.774,45,234,279,4.164,346,5.164,44,0.657,13,0.194,104,1.552,150,2.239,919,13.716,15.090
Josh Giddey,SF,19,54,54,1700,281,670,0.419,56,213,0.263,225,457,0.492,0.461,56,79,0.709,98,323,421,7.796,345,6.389,51,0.944,20,0.370,171,3.167,88,1.630,674,12.481,17.185
Jayson Tatum,SF,23,76,76,2731,708,1564,0.453,230,651,0.353,478,913,0.524,0.526,400,469,0.853,85,524,609,8.013,334,4.395,75,0.987,49,0.645,217,2.855,174,2.289,2046,26.921,25.934
Monte Morris,PG,26,75,74,2239,374,773,0.484,124,314,0.395,250,459,0.545,0.564,73,84,0.869,27,199,226,3.013,333,4.440,56,0.747,14,0.187,78,1.040,92,1.227,945,12.600,14.480
Shai Gilgeous-Alexander,PG,23,56,56,1942,477,1052,0.453,89,297,0.3,388,755,0.514,0.496,328,405,0.81,37,241,278,4.964,331,5.911,71,1.268,46,0.821,154,2.750,142,2.536,1371,24.482,23.054
De'Aaron Fox,PG,24,59,59,2083,516,1092,0.473,74,249,0.297,442,843,0.524,0.506,261,348,0.75,25,206,231,3.915,330,5.593,68,1.153,25,0.424,168,2.847,172,2.915,1367,23.169,20.169
Devin Booker,SG,25,68,68,2345,662,1421,0.466,183,478,0.383,479,943,0.508,0.53,315,363,0.868,45,297,342,5.029,329,4.838,77,1.132,26,0.382,162,2.382,180,2.647,1822,26.794,23.926
Terry Rozier,SG,27,73,73,2458,518,1167,0.444,222,593,0.374,296,574,0.516,0.539,150,176,0.852,56,259,315,4.315,326,4.466,93,1.274,25,0.342,96,1.315,119,1.630,1408,19.288,19.123
Tyus Jones,PG,25,73,23,1549,249,552,0.451,80,205,0.39,169,347,0.487,0.524,54,66,0.818,17,159,176,2.411,324,4.438,66,0.904,2,0.027,46,0.630,32,0.438,632,8.658,11.493
Domantas Sabonis,PF,25,62,61,2136,443,773,0.573,39,125,0.312,404,648,0.623,0.598,246,332,0.741,201,551,752,12.129,323,5.210,59,0.952,27,0.435,195,3.145,203,3.274,1171,18.887,27.758
Tyrese Maxey,PG,21,75,74,2650,483,995,0.485,132,309,0.427,351,686,0.512,0.552,213,246,0.866,26,214,240,3.200,321,4.280,55,0.733,32,0.427,88,1.173,156,2.080,1311,17.480,17.680
Draymond Green,PF,31,46,44,1329,135,257,0.525,16,54,0.296,119,203,0.586,0.556,60,91,0.659,45,291,336,7.304,320,6.957,61,1.326,50,1.087,139,3.022,136,2.957,346,7.522,17.848
Devonte' Graham,PG,26,76,63,2162,296,815,0.363,192,563,0.341,104,252,0.413,0.481,118,140,0.843,37,140,177,2.329,316,4.158,71,0.934,12,0.158,105,1.382,95,1.250,902,11.868,10.947
CJ McCollum,SG,30,62,62,2145,536,1164,0.46,182,469,0.388,354,695,0.509,0.539,116,170,0.682,53,216,269,4.339,315,5.081,70,1.129,22,0.355,127,2.048,121,1.952,1370,22.097,19.952
Davion Mitchell,PG,23,75,19,2076,352,843,0.418,101,320,0.316,251,523,0.48,0.477,56,85,0.659,33,133,166,2.213,313,4.173,55,0.733,24,0.320,114,1.520,141,1.880,861,11.480,10.467
Jimmy Butler,SF,32,57,57,1931,398,829,0.48,27,116,0.233,371,713,0.52,0.496,396,455,0.87,102,234,336,5.895,312,5.474,94,1.649,27,0.474,121,2.123,88,1.544,1219,21.386,24.158
Brandon Ingram,SF,24,55,55,1869,453,983,0.461,74,226,0.327,379,757,0.501,0.498,266,322,0.826,35,285,320,5.818,307,5.582,34,0.618,26,0.473,151,2.745,119,2.164,1246,22.655,21.745
Jordan Poole,SG,22,76,51,2283,474,1058,0.448,211,580,0.364,263,478,0.55,0.548,246,266,0.925,34,226,260,3.421,304,4.000,60,0.789,23,0.303,187,2.461,206,2.711,1405,18.487,16.592
Zach LaVine,SG,26,67,67,2328,565,1186,0.476,185,475,0.389,380,711,0.534,0.554,320,375,0.853,22,286,308,4.597,303,4.522,41,0.612,23,0.343,171,2.552,120,1.791,1635,24.403,21.836
Miles Bridges,PF,23,80,80,2837,596,1214,0.491,154,465,0.331,442,749,0.59,0.554,267,333,0.802,90,469,559,6.988,300,3.750,74,0.925,67,0.838,150,1.875,193,2.413,1613,20.163,22.238
Dennis Schröder,SG-PG,28,64,29,1837,312,724,0.431,86,250,0.344,226,474,0.477,0.49,157,184,0.853,34,180,214,3.344,296,4.625,53,0.828,8,0.125,143,2.234,154,2.406,867,13.547,13.375
Joel Embiid,C,27,68,68,2297,666,1334,0.499,93,251,0.371,573,1083,0.529,0.534,654,803,0.814,146,650,796,11.706,284,4.176,77,1.132,99,1.456,214,3.147,181,2.662,2079,30.574,33.882
Cameron Payne,PG,27,58,12,1278,240,587,0.409,71,211,0.336,169,376,0.449,0.469,75,89,0.843,24,151,175,3.017,282,4.862,40,0.690,17,0.293,103,1.776,119,2.052,626,10.793,11.655
Killian Hayes,PG,20,66,40,1647,176,459,0.383,44,167,0.263,132,292,0.452,0.431,57,74,0.77,36,174,210,3.182,277,4.197,78,1.182,35,0.530,111,1.682,183,2.773,453,6.864,9.727
Will Barton,SG,31,71,71,2277,392,896,0.438,157,430,0.365,235,466,0.504,0.525,102,127,0.803,44,296,340,4.789,276,3.887,55,0.775,31,0.437,127,1.789,114,1.606,1043,14.690,15.338
Anthony Edwards,SG,20,72,72,2466,549,1245,0.441,215,602,0.357,334,643,0.519,0.527,220,280,0.786,62,281,343,4.764,275,3.819,105,1.458,46,0.639,190,2.639,164,2.278,1533,21.292,18.833
Immanuel Quickley,PG,22,78,3,1802,284,724,0.392,137,396,0.346,147,328,0.448,0.487,177,201,0.881,31,216,247,3.167,275,3.526,54,0.692,3,0.038,99,1.269,167,2.141,882,11.308,11.513
Karl-Anthony Towns,C,26,74,74,2476,642,1214,0.529,150,366,0.41,492,848,0.58,0.591,384,467,0.822,194,533,727,9.824,269,3.635,72,0.973,83,1.122,226,3.054,267,3.608,1818,24.568,28.216
Patrick Beverley,PG,33,58,54,1476,177,436,0.406,83,242,0.343,94,194,0.485,0.501,96,133,0.722,62,178,240,4.138,268,4.621,67,1.155,52,0.897,73,1.259,174,3.000,533,9.190,13.638
Bradley Beal,SG,28,40,40,1439,348,771,0.451,63,210,0.3,285,561,0.508,0.492,169,203,0.833,38,151,189,4.725,265,6.625,36,0.900,15,0.375,135,3.375,95,2.375,928,23.200,21.025
Tyler Herro,SG,22,66,10,2151,501,1122,0.447,175,439,0.399,326,683,0.477,0.525,190,219,0.868,32,297,329,4.985,263,3.985,44,0.667,8,0.121,174,2.636,95,1.439,1367,20.712,17.985
Steven Adams,C,28,76,75,1999,210,384,0.547,0,1,0,210,383,0.548,0.547,108,199,0.543,349,411,760,10.000,256,3.368,65,0.855,60,0.789,115,1.513,153,2.013,528,6.947,16.961
Scottie Barnes,PF,20,74,74,2617,459,932,0.492,58,193,0.301,401,739,0.543,0.524,158,215,0.735,195,362,557,7.527,256,3.459,80,1.081,55,0.743,136,1.838,192,2.595,1134,15.324,19.135
Ayo Dosunmu,SG,22,77,40,2110,278,535,0.52,70,186,0.376,208,349,0.596,0.585,53,78,0.679,27,187,214,2.779,256,3.325,60,0.779,29,0.377,108,1.403,182,2.364,679,8.818,11.013
Tobias Harris,PF,29,73,73,2543,493,1022,0.482,101,275,0.367,392,747,0.525,0.532,170,202,0.842,77,419,496,6.795,252,3.452,47,0.644,43,0.589,116,1.589,164,2.247,1257,17.219,19.425
Caris LeVert,SG,27,58,49,1781,379,854,0.444,82,256,0.32,297,598,0.497,0.492,146,193,0.756,43,171,214,3.690,248,4.276,51,0.879,23,0.397,108,1.862,131,2.259,986,17.000,15.379
Ish Smith,PG,33,65,1,1126,185,430,0.43,25,67,0.373,160,363,0.441,0.459,15,24,0.625,25,115,140,2.154,244,3.754,47,0.723,23,0.354,78,1.200,78,1.200,410,6.308,8.185
Alec Burks,SG,30,81,44,2318,285,728,0.391,157,389,0.404,128,339,0.378,0.499,217,264,0.822,47,350,397,4.901,239,2.951,85,1.049,26,0.321,91,1.123,215,2.654,944,11.654,13.704
Cory Joseph,PG,30,65,39,1600,178,400,0.445,65,157,0.414,113,243,0.465,0.526,100,113,0.885,29,145,174,2.677,237,3.646,42,0.646,17,0.262,85,1.308,147,2.262,521,8.015,10.323
Nikola Vučević,C,31,73,73,2418,546,1154,0.473,104,331,0.314,442,823,0.537,0.518,92,121,0.76,142,662,804,11.014,236,3.233,70,0.959,71,0.973,136,1.863,181,2.479,1288,17.644,23.233
Saddiq Bey,SF,22,82,82,2704,450,1136,0.396,211,610,0.346,239,526,0.454,0.489,210,254,0.827,107,334,441,5.378,233,2.841,73,0.890,16,0.195,96,1.171,128,1.561,1321,16.110,15.341
Tre Jones,PG,22,69,11,1148,166,339,0.49,10,51,0.196,156,288,0.542,0.504,71,91,0.78,29,126,155,2.246,233,3.377,42,0.609,7,0.101,46,0.667,78,1.130,413,5.986,8.855
Kyle Kuzma,PF,26,66,66,2204,423,936,0.452,128,375,0.341,295,561,0.526,0.52,156,219,0.712,70,491,561,8.500,233,3.530,42,0.636,57,0.864,169,2.561,128,1.939,1130,17.121,19.364
Al Horford,C,35,69,69,2005,266,569,0.467,89,265,0.336,177,304,0.582,0.546,80,95,0.842,108,422,530,7.681,232,3.362,49,0.710,92,1.333,65,0.942,130,1.884,701,10.159,17.696
Jaylen Brown,SF,25,66,66,2220,576,1217,0.473,166,464,0.358,410,753,0.544,0.541,241,318,0.758,53,351,404,6.121,231,3.500,70,1.061,18,0.273,178,2.697,163,2.470,1559,23.621,21.000
Franz Wagner,SF,20,79,79,2429,456,975,0.468,96,271,0.354,360,704,0.511,0.517,189,219,0.863,84,272,356,4.506,231,2.924,68,0.861,34,0.430,119,1.506,164,2.076,1197,15.152,15.418
Seth Curry,SG,31,64,64,2135,360,739,0.487,158,374,0.422,202,365,0.553,0.594,82,94,0.872,21,179,200,3.125,230,3.594,53,0.828,14,0.219,109,1.703,148,2.313,960,15.000,14.953
Buddy Hield,SG,29,81,32,2499,446,1098,0.406,262,716,0.366,184,382,0.482,0.526,111,127,0.874,66,287,353,4.358,229,2.827,73,0.901,25,0.309,153,1.889,184,2.272,1265,15.617,13.877
Mason Plumlee,C,31,73,73,1793,205,320,0.641,0,2,0,205,318,0.645,0.641,67,171,0.392,176,389,565,7.740,226,3.096,61,0.836,52,0.712,100,1.370,224,3.068,477,6.534,14.548
Eric Bledsoe,PG,32,54,29,1361,197,468,0.421,51,163,0.313,146,305,0.479,0.475,89,117,0.761,28,154,182,3.370,225,4.167,69,1.278,19,0.352,116,2.148,85,1.574,534,9.889,11.370
Ricky Rubio,PG,31,34,8,970,149,411,0.363,59,174,0.339,90,237,0.38,0.434,88,103,0.854,15,126,141,4.147,225,6.618,49,1.441,7,0.206,90,2.647,75,2.206,445,13.088,14.706
Josh Hart,SG,26,54,53,1791,287,569,0.504,73,213,0.343,214,356,0.601,0.569,160,211,0.758,62,326,388,7.185,224,4.148,61,1.130,13,0.241,114,2.111,150,2.778,807,14.944,19.370
Jae'Sean Tate,PF,26,78,77,2056,363,729,0.498,63,202,0.312,300,527,0.569,0.541,130,184,0.707,135,285,420,5.385,222,2.846,72,0.923,41,0.526,139,1.782,286,3.667,919,11.782,14.295
Anfernee Simons,SG,22,57,30,1681,353,797,0.443,179,442,0.405,174,355,0.49,0.555,103,116,0.888,26,125,151,2.649,221,3.877,30,0.526,6,0.105,115,2.018,110,1.930,988,17.333,14.456
Facundo Campazzo,PG,30,65,4,1184,107,296,0.361,58,193,0.301,49,103,0.476,0.459,60,78,0.769,23,94,117,1.800,220,3.385,63,0.969,23,0.354,67,1.031,124,1.908,332,5.108,7.400
Malik Monk,SG,23,76,37,2139,391,826,0.473,173,442,0.391,218,384,0.568,0.578,93,117,0.795,37,219,256,3.368,218,2.868,61,0.803,29,0.382,122,1.605,138,1.816,1048,13.789,13.566
Raul Neto,PG,29,70,19,1372,204,441,0.463,35,120,0.292,169,321,0.526,0.502,83,108,0.769,13,121,134,1.914,217,3.100,55,0.786,3,0.043,79,1.129,104,1.486,526,7.514,8.486
Malcolm Brogdon,PG,29,36,36,1206,243,543,0.448,58,186,0.312,185,357,0.518,0.501,143,167,0.856,33,152,185,5.139,212,5.889,30,0.833,14,0.389,77,2.139,71,1.972,687,19.083,20.194
Damian Lillard,PG,31,29,29,1056,222,552,0.402,92,284,0.324,130,268,0.485,0.486,159,181,0.878,13,107,120,4.138,212,7.310,17,0.586,11,0.379,83,2.862,37,1.276,695,23.966,21.379
Gabe Vincent,PG,25,68,27,1589,214,513,0.417,119,323,0.368,95,190,0.5,0.533,44,54,0.815,22,104,126,1.853,210,3.088,62,0.912,12,0.176,98,1.441,158,2.324,591,8.691,8.735
Terance Mann,SF,25,81,33,2317,334,690,0.484,76,208,0.365,258,482,0.535,0.539,128,164,0.78,104,321,425,5.247,209,2.580,55,0.679,21,0.259,84,1.037,178,2.198,872,10.765,13.654
Jalen Suggs,PG,20,48,45,1307,198,548,0.361,42,196,0.214,156,352,0.443,0.4,126,163,0.773,26,145,171,3.563,209,4.354,59,1.229,19,0.396,143,2.979,142,2.958,564,11.750,10.250
Desmond Bane,SG,23,76,76,2266,508,1101,0.461,228,523,0.436,280,578,0.484,0.565,140,155,0.903,46,288,334,4.395,208,2.737,92,1.211,29,0.382,111,1.461,196,2.579,1384,18.211,17.474
RJ Barrett,SF,21,70,70,2417,487,1194,0.408,138,404,0.342,349,790,0.442,0.466,290,406,0.714,66,342,408,5.829,208,2.971,43,0.614,16,0.229,151,2.157,142,2.029,1402,20.029,15.757
Kevin Huerter,SF,23,74,60,2188,345,760,0.454,160,411,0.389,185,349,0.53,0.559,42,52,0.808,32,222,254,3.432,203,2.743,55,0.743,26,0.351,91,1.230,185,2.500,892,12.054,12.351
Bogdan Bogdanović,SG,29,63,27,1848,342,794,0.431,169,459,0.368,173,335,0.516,0.537,97,115,0.843,29,221,250,3.968,194,3.079,68,1.079,14,0.222,70,1.111,132,2.095,950,15.079,14.857
Jordan Clarkson,SG,29,79,1,2141,466,1113,0.419,190,597,0.318,276,516,0.535,0.504,144,174,0.828,67,206,273,3.456,194,2.456,66,0.835,16,0.203,129,1.633,149,1.886,1266,16.025,12.772
De'Anthony Melton,SG,23,73,15,1657,281,695,0.404,139,372,0.374,142,323,0.44,0.504,90,120,0.75,64,264,328,4.493,194,2.658,104,1.425,39,0.534,112,1.534,128,1.753,791,10.836,12.329
Bones Hyland,SG,21,69,4,1310,230,571,0.403,131,358,0.366,99,213,0.465,0.518,107,125,0.856,14,174,188,2.725,191,2.768,41,0.594,20,0.290,86,1.246,153,2.217,698,10.116,10.043
Royce O'Neale,SF,28,77,77,2406,203,444,0.457,119,306,0.389,84,138,0.609,0.591,45,56,0.804,64,304,368,4.779,191,2.481,86,1.117,32,0.416,79,1.026,183,2.377,570,7.403,11.896
Bam Adebayo,C,24,56,56,1825,406,729,0.557,0,6,0,406,723,0.562,0.557,256,340,0.753,137,427,564,10.071,190,3.393,80,1.429,44,0.786,148,2.643,171,3.054,1068,19.071,24.839
Jonas Valančiūnas,C,29,74,74,2240,510,938,0.544,57,158,0.361,453,780,0.581,0.574,237,289,0.82,226,617,843,11.392,190,2.568,41,0.554,60,0.811,179,2.419,247,3.338,1314,17.757,24.176
Jakob Poeltl,C,26,68,67,1970,410,663,0.618,1,1,1,409,662,0.618,0.619,94,190,0.495,262,372,634,9.324,189,2.779,45,0.662,118,1.735,109,1.603,212,3.118,915,13.456,21.221
Aaron Gordon,PF,26,75,75,2376,434,834,0.52,87,260,0.335,347,574,0.605,0.573,171,230,0.743,125,314,439,5.853,188,2.507,44,0.587,44,0.587,133,1.773,148,1.973,1126,15.013,16.653
Delon Wright,SG,29,77,8,1452,122,269,0.454,44,116,0.379,78,153,0.51,0.535,54,63,0.857,50,170,220,2.857,188,2.442,93,1.208,19,0.247,45,0.584,56,0.727,342,4.442,8.584
Harrison Barnes,PF,29,77,77,2587,391,834,0.469,142,360,0.394,249,474,0.525,0.554,341,413,0.826,82,350,432,5.610,186,2.416,53,0.688,14,0.182,118,1.532,94,1.221,1265,16.429,17.104
Mikal Bridges,SF,25,82,82,2854,458,858,0.534,115,312,0.369,343,546,0.628,0.601,131,157,0.834,74,273,347,4.232,185,2.256,96,1.171,36,0.439,68,0.829,150,1.829,1162,14.171,16.244
Alperen Şengün,C,19,72,13,1489,249,525,0.474,29,117,0.248,220,408,0.539,0.502,165,232,0.711,138,255,393,5.458,185,2.569,59,0.819,68,0.944,145,2.014,214,2.972,692,9.611,12.625
Tomáš Satoranský,SG-PG-SF,30,55,13,906,72,191,0.377,11,53,0.208,61,138,0.442,0.406,43,54,0.796,27,99,126,2.291,184,3.345,29,0.527,5,0.091,46,0.836,71,1.291,198,3.600,6.655
Kyle Anderson,PF,28,69,11,1484,209,469,0.446,36,109,0.33,173,360,0.481,0.484,67,105,0.638,69,299,368,5.333,183,2.652,77,1.116,45,0.652,71,1.029,108,1.565,521,7.551,11.957
Patty Mills,SG,33,81,48,2346,324,794,0.408,227,568,0.4,97,226,0.429,0.551,48,59,0.814,18,138,156,1.926,183,2.259,51,0.630,17,0.210,73,0.901,112,1.383,923,11.395,9.580
Jordan McLaughlin,PG,25,62,3,902,88,200,0.44,27,85,0.318,61,115,0.53,0.508,30,40,0.75,22,72,94,1.516,180,2.903,57,0.919,10,0.161,38,0.613,54,0.871,233,3.758,6.677
Cody Martin,SF,26,71,11,1866,204,423,0.482,61,159,0.384,143,264,0.542,0.554,75,107,0.701,82,203,285,4.014,179,2.521,88,1.239,32,0.451,61,0.859,116,1.634,544,7.662,11.493
Lonzo Ball,PG,24,35,35,1212,162,383,0.423,110,260,0.423,52,123,0.423,0.567,21,28,0.75,35,155,190,5.429,178,5.086,64,1.829,31,0.886,82,2.343,85,2.429,455,13.000,17.371
Gordon Hayward,SF,31,49,48,1564,283,617,0.459,86,220,0.391,197,397,0.496,0.528,126,149,0.846,38,186,224,4.571,177,3.612,47,0.959,22,0.449,81,1.653,85,1.735,778,15.878,16.531
Paul George,PF,31,31,31,1077,268,636,0.421,91,257,0.354,177,379,0.467,0.493,127,148,0.858,12,201,213,6.871,176,5.677,67,2.161,13,0.419,126,4.065,74,2.387,754,24.323,22.839
Jalen Green,SG,19,67,67,2138,406,954,0.426,157,458,0.343,249,496,0.502,0.508,188,236,0.797,33,193,226,3.373,176,2.627,44,0.657,18,0.269,135,2.015,103,1.537,1157,17.269,13.284
Coby White,PG,21,61,17,1675,279,644,0.433,136,353,0.385,143,291,0.491,0.539,78,91,0.857,17,165,182,2.984,176,2.885,29,0.475,11,0.180,70,1.148,137,2.246,772,12.656,11.836
Evan Mobley,PF,20,69,69,2331,422,830,0.508,23,92,0.25,399,738,0.541,0.522,167,252,0.663,143,427,570,8.261,174,2.522,56,0.812,115,1.667,133,1.928,147,2.130,1034,14.986,19.174
Wendell Carter Jr.,PF,22,62,61,1852,359,684,0.525,70,214,0.327,289,470,0.615,0.576,143,207,0.691,139,509,648,10.452,171,2.758,36,0.581,43,0.694,117,1.887,169,2.726,931,15.016,21.339
Evan Fournier,SG,29,80,80,2358,402,965,0.417,241,619,0.389,161,346,0.465,0.541,80,113,0.708,34,176,210,2.625,171,2.138,79,0.988,20,0.250,105,1.313,180,2.250,1125,14.063,11.300
Rajon Rondo,PG,35,39,1,697,68,176,0.386,31,88,0.352,37,88,0.42,0.474,19,26,0.731,15,93,108,2.769,170,4.359,30,0.769,6,0.154,68,1.744,56,1.436,186,4.769,8.128
Deni Avdija,SF,21,82,8,1984,250,579,0.432,82,259,0.317,168,320,0.525,0.503,103,136,0.757,52,373,425,5.183,167,2.037,59,0.720,44,0.537,87,1.061,190,2.317,685,8.354,11.354
Kyrie Irving,PG,29,29,29,1091,289,616,0.469,100,239,0.418,189,377,0.501,0.55,118,129,0.915,16,111,127,4.379,167,5.759,41,1.414,17,0.586,73,2.517,81,2.793,796,27.448,25.414
Herbert Jones,PF,23,78,69,2335,274,576,0.476,57,169,0.337,217,407,0.533,0.525,137,163,0.84,98,198,296,3.795,167,2.141,130,1.667,60,0.769,100,1.282,238,3.051,742,9.513,12.397
Alex Caruso,SG,27,41,18,1147,102,256,0.398,42,126,0.333,60,130,0.462,0.48,58,73,0.795,33,115,148,3.610,165,4.024,71,1.732,15,0.366,57,1.390,106,2.585,304,7.415,11.634
Kevon Looney,C,25,82,80,1732,208,364,0.571,0,1,0,208,363,0.573,0.571,75,125,0.6,208,388,596,7.268,165,2.012,50,0.610,52,0.634,67,0.817,215,2.622,491,5.988,13.183
Lance Stephenson,PG-SG,31,46,1,814,147,323,0.455,27,90,0.3,120,233,0.515,0.497,63,80,0.788,12,115,127,2.761,165,3.587,24,0.522,4,0.087,72,1.565,96,2.087,384,8.348,9.543
Andrew Wiggins,SF,26,73,73,2329,475,1019,0.466,157,399,0.393,318,620,0.513,0.543,149,235,0.634,85,240,325,4.452,161,2.205,76,1.041,51,0.699,111,1.521,158,2.164,1256,17.205,15.452
Isaiah Hartenstein,C,23,68,0,1216,229,366,0.626,14,30,0.467,215,336,0.64,0.645,91,132,0.689,117,215,332,4.882,160,2.353,50,0.735,77,1.132,84,1.235,167,2.456,563,8.279,13.529
Kevin Love,C,33,74,4,1665,327,761,0.43,187,477,0.392,140,284,0.493,0.553,166,198,0.838,87,449,536,7.243,160,2.162,26,0.351,18,0.243,98,1.324,101,1.365,1007,13.608,15.986
Nemanja Bjelica,C,33,71,0,1142,160,342,0.468,54,149,0.362,106,193,0.549,0.547,59,81,0.728,62,232,294,4.141,159,2.239,41,0.577,26,0.366,87,1.225,128,1.803,433,6.099,9.324
Talen Horton-Tucker,SG,21,60,19,1511,224,538,0.416,49,182,0.269,175,356,0.492,0.462,100,125,0.8,37,156,193,3.217,159,2.650,59,0.983,29,0.483,82,1.367,148,2.467,597,9.950,10.267
R.J. Hampton,SG,20,64,14,1402,175,457,0.383,64,183,0.35,111,274,0.405,0.453,75,117,0.641,23,171,194,3.031,158,2.469,42,0.656,13,0.203,87,1.359,101,1.578,489,7.641,7.578
Joe Ingles,SF,34,45,15,1122,115,285,0.404,78,225,0.347,37,60,0.617,0.54,17,22,0.773,12,119,131,2.911,158,3.511,23,0.511,5,0.111,46,1.022,82,1.822,325,7.222,9.356
Keldon Johnson,SF,22,75,74,2392,471,1011,0.466,159,399,0.398,312,612,0.51,0.545,177,234,0.756,80,377,457,6.093,158,2.107,58,0.773,14,0.187,92,1.227,148,1.973,1278,17.040,17.013
Jusuf Nurkić,C,27,56,56,1579,321,600,0.535,15,56,0.268,306,544,0.563,0.548,185,268,0.69,167,452,619,11.054,157,2.804,62,1.107,34,0.607,143,2.554,189,3.375,842,15.036,21.589
Nickeil Alexander-Walker,SG,23,65,21,1466,253,680,0.372,105,338,0.311,148,342,0.433,0.449,81,109,0.743,37,150,187,2.877,156,2.400,46,0.708,23,0.354,93,1.431,103,1.585,692,10.646,8.554
Christian Wood,C,26,68,67,2094,440,878,0.501,131,336,0.39,309,542,0.57,0.576,207,332,0.623,110,576,686,10.088,155,2.279,54,0.794,65,0.956,126,1.853,171,2.515,1218,17.912,21.897
Eric Gordon,SG,33,57,46,1669,268,564,0.475,124,301,0.412,144,263,0.548,0.585,105,135,0.778,15,98,113,1.982,154,2.702,28,0.491,18,0.316,107,1.877,63,1.105,765,13.421,11.316
Aaron Holiday,PG,25,63,15,1021,151,338,0.447,39,103,0.379,112,235,0.477,0.504,59,68,0.868,24,98,122,1.937,153,2.429,42,0.667,9,0.143,67,1.063,92,1.460,400,6.349,7.349
Jose Alvarado,PG,23,54,1,834,131,294,0.446,32,110,0.291,99,184,0.538,0.5,36,53,0.679,25,75,100,1.852,152,2.815,71,1.315,7,0.130,40,0.741,73,1.352,330,6.111,8.148
Lonnie Walker IV,SG,23,70,6,1612,311,764,0.407,111,353,0.314,200,411,0.487,0.48,116,148,0.784,18,163,181,2.586,152,2.171,44,0.629,19,0.271,71,1.014,98,1.400,849,12.129,9.843
Josh Christopher,SG,20,74,2,1334,224,500,0.448,56,189,0.296,168,311,0.54,0.504,83,113,0.735,52,134,186,2.514,150,2.027,65,0.878,13,0.176,114,1.541,97,1.311,587,7.932,7.851
Dorian Finney-Smith,PF,28,80,80,2644,326,692,0.471,172,435,0.395,154,257,0.599,0.595,56,83,0.675,122,253,375,4.688,150,1.875,88,1.100,39,0.488,80,1.000,183,2.288,880,11.000,13.238
P.J. Tucker,PF,36,71,70,1981,207,428,0.484,80,193,0.415,127,235,0.54,0.577,45,61,0.738,100,287,387,5.451,149,2.099,58,0.817,15,0.211,66,0.930,161,2.268,539,7.592,11.901
Bruce Brown,SF,25,72,45,1774,256,506,0.506,38,94,0.404,218,412,0.529,0.543,97,128,0.758,100,245,345,4.792,148,2.056,77,1.069,52,0.722,56,0.778,176,2.444,647,8.986,12.944
P.J. Washington,C,23,65,28,1768,250,532,0.47,110,301,0.365,140,231,0.606,0.573,58,81,0.716,82,255,337,5.185,147,2.262,57,0.877,61,0.938,82,1.262,152,2.338,668,10.277,13.585
Luke Kennard,SG,25,70,13,1919,287,639,0.449,190,423,0.449,97,216,0.449,0.598,69,77,0.896,20,209,229,3.271,146,2.086,42,0.600,6,0.086,60,0.857,101,1.443,833,11.900,11.943
Kentavious Caldwell-Pope,SG,28,77,77,2329,361,829,0.435,159,408,0.39,202,421,0.48,0.531,137,154,0.89,41,220,261,3.390,145,1.883,83,1.078,26,0.338,97,1.260,139,1.805,1018,13.221,12.351
Montrezl Harrell,C,28,71,3,1641,358,555,0.645,4,17,0.235,354,538,0.658,0.649,212,296,0.716,149,282,431,6.070,145,2.042,29,0.408,43,0.606,72,1.014,137,1.930,932,13.127,17.282
Gary Trent Jr.,SG,23,70,69,2448,450,1086,0.414,209,545,0.383,241,541,0.445,0.511,174,204,0.853,26,165,191,2.729,141,2.014,122,1.743,19,0.271,73,1.043,144,2.057,1283,18.329,14.529
Shake Milton,SG,25,55,6,1179,173,403,0.429,43,133,0.323,130,270,0.481,0.483,61,73,0.836,30,112,142,2.582,139,2.527,28,0.509,17,0.309,44,0.800,99,1.800,450,8.182,8.909
Payton Pritchard,PG,24,71,2,1001,160,373,0.429,101,245,0.412,59,128,0.461,0.564,21,21,1,32,102,134,1.887,139,1.958,25,0.352,6,0.085,41,0.577,61,0.859,442,6.225,6.930
Devin Vassell,SF,21,71,32,1937,326,764,0.427,137,380,0.361,189,384,0.492,0.516,83,99,0.838,44,262,306,4.310,136,1.915,76,1.070,41,0.577,58,0.817,143,2.014,872,12.282,12.944
Cedi Osman,SF,26,66,3,1462,247,572,0.432,128,359,0.357,119,213,0.559,0.544,87,131,0.664,25,121,146,2.212,135,2.045,52,0.788,10,0.152,67,1.015,127,1.924,709,10.742,9.333
Dennis Smith Jr.,PG,24,37,4,638,79,189,0.418,6,27,0.222,73,162,0.451,0.434,42,64,0.656,20,68,88,2.378,132,3.568,45,1.216,12,0.324,51,1.378,52,1.405,206,5.568,8.108
Andre Drummond,C,28,73,36,1437,247,433,0.57,0,3,0,247,430,0.574,0.57,86,164,0.524,229,451,680,9.315,131,1.795,78,1.068,68,0.932,115,1.575,192,2.630,580,7.945,15.863
T.J. McConnell,PG,29,27,8,652,100,208,0.481,10,33,0.303,90,175,0.514,0.505,19,23,0.826,20,70,90,3.333,131,4.852,29,1.074,10,0.370,29,1.074,53,1.963,229,8.481,12.889
Aleksej Pokusevski,PF,20,61,12,1233,186,456,0.408,57,197,0.289,129,259,0.498,0.47,35,50,0.7,73,245,318,5.213,131,2.148,39,0.639,38,0.623,94,1.541,88,1.443,464,7.607,10.016
Kemba Walker,PG,31,37,37,948,149,370,0.403,73,199,0.367,76,171,0.444,0.501,60,71,0.845,14,97,111,3.000,131,3.541,26,0.703,7,0.189,48,1.297,37,1.000,431,11.649,11.514
James Johnson,PF,34,62,10,1191,144,307,0.469,23,85,0.271,121,222,0.545,0.507,29,55,0.527,51,164,215,3.468,130,2.097,30,0.484,34,0.548,48,0.774,162,2.613,340,5.484,8.258
Jaylen Nowell,SG,22,62,1,975,196,413,0.475,63,160,0.394,133,253,0.526,0.551,72,92,0.783,22,101,123,1.984,130,2.097,27,0.435,10,0.161,36,0.581,73,1.177,527,8.500,8.774
Duncan Robinson,SG,27,79,68,2043,290,726,0.399,232,624,0.372,58,102,0.569,0.559,51,61,0.836,24,179,203,2.570,129,1.633,42,0.532,14,0.177,60,0.759,201,2.544,863,10.924,9.430
Justin Holiday,SF-SG,32,74,65,2057,261,662,0.394,177,482,0.367,84,180,0.467,0.528,50,62,0.806,29,161,190,2.568,128,1.730,57,0.770,33,0.446,70,0.946,154,2.081,749,10.122,9.108
Furkan Korkmaz,SG,24,67,19,1414,182,470,0.387,77,266,0.289,105,204,0.515,0.469,68,84,0.81,22,153,175,2.612,127,1.896,33,0.493,9,0.134,48,0.716,58,0.866,509,7.597,7.478
Juan Toscano-Anderson,SF,28,73,6,994,115,235,0.489,28,87,0.322,87,148,0.588,0.549,40,70,0.571,28,148,176,2.411,127,1.740,48,0.658,17,0.233,68,0.932,115,1.575,298,4.082,6.137
OG Anunoby,SF,24,48,48,1728,309,697,0.443,115,317,0.363,194,380,0.511,0.526,89,118,0.754,74,190,264,5.500,125,2.604,71,1.479,25,0.521,80,1.667,131,2.729,822,17.125,16.875
Amir Coffey,SG,24,69,30,1567,211,466,0.453,96,254,0.378,115,212,0.542,0.556,101,117,0.863,26,171,197,2.855,124,1.797,38,0.551,15,0.217,45,0.652,87,1.261,619,8.971,9.812
Jae Crowder,PF,31,67,67,1886,217,544,0.399,127,365,0.348,90,179,0.503,0.516,71,90,0.789,30,324,354,5.284,124,1.851,95,1.418,30,0.448,55,0.821,173,2.582,632,9.433,12.448
Anthony Davis,C,28,40,40,1404,370,695,0.532,13,70,0.186,357,625,0.571,0.542,174,244,0.713,106,288,394,9.850,122,3.050,49,1.225,90,2.250,82,2.050,97,2.425,927,23.175,27.625
Isaac Okoro,SF,21,67,61,1981,207,431,0.48,55,157,0.35,152,274,0.555,0.544,119,155,0.768,72,129,201,3.000,121,1.806,56,0.836,22,0.328,58,0.866,164,2.448,588,8.776,10.000
Robert Williams,C,24,61,61,1804,271,368,0.736,0,1,0,271,367,0.738,0.736,65,90,0.722,238,350,588,9.639,121,1.984,56,0.918,134,2.197,63,1.033,137,2.246,607,9.951,21.656
Bojan Bogdanović,PF,32,69,69,2131,422,928,0.455,181,468,0.387,241,460,0.524,0.552,223,260,0.858,58,238,296,4.290,120,1.739,34,0.493,1,0.014,118,1.710,116,1.681,1248,18.087,15.043
George Hill,PG,35,54,17,1253,118,275,0.429,41,134,0.306,77,141,0.546,0.504,57,62,0.919,38,117,155,2.870,120,2.222,42,0.778,6,0.111,41,0.759,70,1.296,334,6.185,8.407
Ivica Zubac,C,24,76,76,1852,310,495,0.626,0,0,,310,495,0.626,0.626,165,227,0.727,217,427,644,8.474,120,1.579,36,0.474,77,1.013,114,1.500,203,2.671,785,10.329,17.118
Kristaps Porziņģis,PF,26,51,51,1481,352,767,0.459,78,252,0.31,274,515,0.532,0.51,248,286,0.867,102,309,411,8.059,119,2.333,37,0.725,84,1.647,81,1.588,137,2.686,1030,20.196,22.490
Donte DiVincenzo,SG,25,42,1,1006,118,336,0.351,74,218,0.339,44,118,0.373,0.461,70,83,0.843,40,130,170,4.048,118,2.810,48,1.143,8,0.190,72,1.714,69,1.643,380,9.048,10.024
Chuma Okeke,PF,23,70,20,1749,216,575,0.376,118,371,0.318,98,204,0.48,0.478,55,65,0.846,47,300,347,4.957,118,1.686,97,1.386,42,0.600,57,0.814,95,1.357,605,8.643,11.186
Malik Beasley,SG,25,79,18,1976,332,850,0.391,240,637,0.377,92,213,0.432,0.532,49,60,0.817,26,201,227,2.873,116,1.468,43,0.544,12,0.152,43,0.544,88,1.114,953,12.063,9.861
Terrence Ross,SG,30,63,0,1448,220,554,0.397,77,264,0.292,143,290,0.493,0.467,112,130,0.862,20,141,161,2.556,116,1.841,28,0.444,12,0.190,75,1.190,68,1.079,629,9.984,8.238
Josh Richardson,SG,28,65,7,1600,234,534,0.438,102,246,0.415,132,288,0.458,0.534,96,108,0.889,42,143,185,2.846,115,1.769,56,0.862,29,0.446,66,1.015,116,1.785,666,10.246,10.354
Chris Duarte,SG,24,55,39,1541,268,621,0.432,94,255,0.369,174,366,0.475,0.507,90,112,0.804,41,185,226,4.109,114,2.073,56,1.018,10,0.182,90,1.636,95,1.727,720,13.091,12.018
Andre Iguodala,SF,38,31,0,603,46,121,0.38,17,74,0.23,29,47,0.617,0.45,15,20,0.75,21,79,100,3.226,114,3.677,27,0.871,22,0.710,28,0.903,34,1.097,124,4.000,9.000
Marcus Morris,PF,32,54,54,1564,300,691,0.434,101,275,0.367,199,416,0.478,0.507,129,148,0.872,26,213,239,4.426,113,2.093,28,0.519,18,0.333,69,1.278,115,2.130,830,15.370,13.870
Jerami Grant,PF,27,47,47,1500,298,699,0.426,91,254,0.358,207,445,0.465,0.491,217,259,0.838,28,163,191,4.064,111,2.362,44,0.936,49,1.043,85,1.809,107,2.277,904,19.234,16.404
Théo Maledon,PG,20,51,7,908,119,317,0.375,44,150,0.293,75,167,0.449,0.445,79,100,0.79,20,111,131,2.569,111,2.176,31,0.608,11,0.216,65,1.275,67,1.314,361,7.078,7.078
Kelly Olynyk,C,30,40,1,764,128,286,0.448,40,119,0.336,88,167,0.527,0.517,69,89,0.775,54,123,177,4.425,111,2.775,31,0.775,19,0.475,58,1.450,100,2.500,365,9.125,11.675
Austin Reaves,SG,23,61,19,1418,146,318,0.459,53,167,0.317,93,151,0.616,0.542,99,118,0.839,45,148,193,3.164,110,1.803,29,0.475,20,0.328,40,0.656,87,1.426,444,7.279,9.262
Ty Jerome,SG,24,48,4,801,124,328,0.378,54,186,0.29,70,142,0.493,0.46,38,47,0.809,19,59,78,1.625,109,2.271,30,0.625,5,0.104,37,0.771,73,1.521,340,7.083,6.500
John Konchar,SG,25,72,7,1292,135,262,0.515,52,126,0.413,83,136,0.61,0.615,27,49,0.551,87,242,329,4.569,109,1.514,45,0.625,22,0.306,29,0.403,90,1.250,349,4.847,9.389
Gary Harris,SG,27,61,30,1730,240,553,0.434,116,302,0.384,124,251,0.494,0.539,83,95,0.874,36,86,122,2.000,108,1.770,59,0.967,9,0.148,61,1.000,112,1.836,679,11.131,9.689
Landry Shamet,SG,24,69,14,1437,191,485,0.394,123,334,0.368,68,151,0.45,0.521,68,81,0.84,16,110,126,1.826,108,1.565,28,0.406,9,0.130,41,0.594,92,1.333,573,8.304,7.188
Kenrich Williams,SF,27,49,0,1072,146,317,0.461,41,121,0.339,105,196,0.536,0.525,30,55,0.545,75,145,220,4.490,108,2.204,44,0.898,10,0.204,46,0.939,81,1.653,363,7.408,10.265
D.J. Augustin,PG,34,55,2,883,94,222,0.423,68,164,0.415,26,58,0.448,0.577,38,43,0.884,11,57,68,1.236,107,1.945,17,0.309,1,0.018,56,1.018,39,0.709,294,5.345,5.418
Saben Lee,PG,22,37,0,604,69,177,0.39,14,60,0.233,55,117,0.47,0.429,56,71,0.789,18,69,87,2.351,107,2.892,36,0.973,12,0.324,36,0.973,44,1.189,208,5.622,7.865
Trent Forrest,PG,23,60,6,765,76,155,0.49,5,27,0.185,71,128,0.555,0.506,38,48,0.792,23,76,99,1.650,106,1.767,30,0.500,6,0.100,48,0.800,43,0.717,195,3.250,4.983
Blake Griffin,C,32,56,24,958,133,313,0.425,38,145,0.262,95,168,0.565,0.486,55,76,0.724,60,168,228,4.071,105,1.875,27,0.482,14,0.250,31,0.554,95,1.696,359,6.411,8.946
Lou Williams,PG,35,56,0,799,125,320,0.391,37,102,0.363,88,218,0.404,0.448,67,78,0.859,16,71,87,1.554,105,1.875,28,0.500,3,0.054,43,0.768,48,0.857,354,6.321,5.857
Thaddeus Young,PF,33,52,1,845,141,272,0.518,17,48,0.354,124,224,0.554,0.55,23,49,0.469,80,128,208,4.000,104,2.000,54,1.038,18,0.346,52,1.000,81,1.558,322,6.192,9.558
Derrick Rose,PG,33,26,4,636,122,274,0.445,37,92,0.402,85,182,0.467,0.513,30,31,0.968,21,57,78,3.000,103,3.962,22,0.846,12,0.462,39,1.500,15,0.577,311,11.962,12.846
Georges Niang,PF,28,76,7,1736,246,563,0.437,156,387,0.403,90,176,0.511,0.575,52,59,0.881,25,178,203,2.671,102,1.342,30,0.395,13,0.171,59,0.776,190,2.500,700,9.211,8.750
Danilo Gallinari,PF,33,66,18,1672,259,597,0.434,112,294,0.381,147,303,0.485,0.528,141,156,0.904,35,273,308,4.667,101,1.530,28,0.424,12,0.182,38,0.576,93,1.409,771,11.682,12.561
Kenyon Martin Jr.,SF,21,79,2,1656,279,523,0.533,60,168,0.357,219,355,0.617,0.591,78,123,0.634,80,217,297,3.759,101,1.278,34,0.430,40,0.506,60,0.759,113,1.430,696,8.810,10.367
Grayson Allen,SG,26,66,61,1805,255,569,0.448,159,389,0.409,96,180,0.533,0.588,64,74,0.865,32,190,222,3.364,100,1.515,46,0.697,18,0.273,43,0.652,96,1.455,733,11.106,11.394
Nicolas Batum,PF,33,59,54,1462,179,387,0.463,108,270,0.4,71,117,0.607,0.602,25,38,0.658,29,225,254,4.305,100,1.695,58,0.983,42,0.712,40,0.678,80,1.356,491,8.322,11.593
Dalano Banton,PG,22,64,1,696,83,202,0.411,13,51,0.255,70,151,0.464,0.443,26,44,0.591,38,86,124,1.938,99,1.547,28,0.438,10,0.156,53,0.828,68,1.063,205,3.203,4.313
Markelle Fultz,PG,23,18,3,360,83,175,0.474,4,17,0.235,79,158,0.5,0.486,25,31,0.806,4,45,49,2.722,99,5.500,20,1.111,5,0.278,40,2.222,22,1.222,195,10.833,12.778
Cameron Johnson,PF,25,66,16,1730,279,607,0.46,166,391,0.425,113,216,0.523,0.596,98,114,0.86,42,231,273,4.136,99,1.500,57,0.864,16,0.242,47,0.712,113,1.712,822,12.455,13.273
Elfrid Payton,PG,27,50,1,549,67,175,0.383,4,18,0.222,63,157,0.401,0.394,12,32,0.375,21,67,88,1.760,99,1.980,25,0.500,6,0.120,47,0.940,38,0.760,150,3.000,3.860
John Collins,PF,24,54,53,1663,339,644,0.526,64,176,0.364,275,468,0.588,0.576,134,169,0.793,93,329,422,7.815,98,1.815,33,0.611,56,1.037,60,1.111,164,3.037,876,16.222,20.093
Darius Bazley,PF,21,69,53,1924,274,649,0.422,80,269,0.297,194,380,0.511,0.484,117,170,0.688,71,365,436,6.319,97,1.406,58,0.841,70,1.014,90,1.304,68,0.986,745,10.797,12.870
Dwight Powell,C,30,82,71,1798,269,401,0.671,13,37,0.351,256,364,0.703,0.687,166,212,0.783,173,231,404,4.927,97,1.183,37,0.451,39,0.476,64,0.780,220,2.683,717,8.744,12.829
Jevon Carter,PG,26,66,3,905,98,253,0.387,66,170,0.388,32,83,0.386,0.518,15,18,0.833,14,96,110,1.667,96,1.455,24,0.364,14,0.212,34,0.515,67,1.015,277,4.197,4.985
Jeff Green,PF,35,75,63,1849,277,529,0.524,53,168,0.315,224,361,0.62,0.574,165,198,0.833,41,190,231,3.080,96,1.280,28,0.373,27,0.360,71,0.947,151,2.013,772,10.293,10.640
Norman Powell,SF-SG,28,45,41,1458,279,605,0.461,106,253,0.419,173,352,0.491,0.549,189,233,0.811,20,125,145,3.222,96,2.133,42,0.933,21,0.467,69,1.533,106,2.356,853,18.956,15.956
Otto Porter Jr.,PF,28,63,15,1396,193,416,0.464,80,216,0.37,113,200,0.565,0.56,49,61,0.803,86,276,362,5.746,94,1.492,68,1.079,29,0.460,37,0.587,83,1.317,515,8.175,12.635
Jarred Vanderbilt,PF,22,74,67,1880,212,361,0.587,2,14,0.143,210,347,0.605,0.59,86,131,0.656,215,409,624,8.432,94,1.270,99,1.338,46,0.622,73,0.986,181,2.446,512,6.919,14.973
Brandon Williams,PG,22,24,16,640,105,282,0.372,31,106,0.292,74,176,0.42,0.427,68,97,0.701,19,55,74,3.083,94,3.917,24,1.000,10,0.417,58,2.417,52,2.167,309,12.875,10.292
Jarrett Allen,C,23,56,56,1809,369,545,0.677,1,10,0.1,368,535,0.688,0.678,165,233,0.708,192,410,602,10.750,92,1.643,44,0.786,75,1.339,94,1.679,97,1.732,904,16.143,24.625
Clint Capela,C,27,74,73,2042,370,604,0.613,0,1,0,370,603,0.614,0.613,80,169,0.473,279,598,877,11.851,92,1.243,55,0.743,93,1.257,44,0.595,166,2.243,820,11.081,21.216
Robert Covington,PF,31,71,42,1940,209,498,0.42,128,339,0.378,81,159,0.509,0.548,58,69,0.841,59,332,391,5.507,92,1.296,103,1.451,91,1.282,75,1.056,190,2.676,604,8.507,12.761
Tim Hardaway Jr.,SG,29,42,20,1245,209,530,0.394,102,304,0.336,107,226,0.473,0.491,78,103,0.757,13,143,156,3.714,92,2.190,38,0.905,6,0.143,34,0.810,74,1.762,598,14.238,12.143
Max Strus,SF,25,68,16,1587,249,564,0.441,181,442,0.41,68,122,0.557,0.602,42,53,0.792,24,178,202,2.971,92,1.353,28,0.412,16,0.235,57,0.838,116,1.706,721,10.603,9.941
Torrey Craig,SF,31,78,16,1596,200,441,0.454,77,234,0.329,123,207,0.594,0.541,39,52,0.75,86,224,310,3.974,91,1.167,46,0.590,36,0.462,67,0.859,151,1.936,516,6.615,8.692
Brandon Goodwin,PG,26,36,5,502,64,154,0.416,19,55,0.345,45,99,0.455,0.477,24,38,0.632,14,53,67,1.861,91,2.528,25,0.694,1,0.028,36,1.000,39,1.083,171,4.750,5.972
Tre Mann,PG,20,60,26,1367,231,588,0.393,98,272,0.36,133,316,0.421,0.476,65,82,0.793,25,146,171,2.850,91,1.517,47,0.783,12,0.200,71,1.183,102,1.700,625,10.417,8.350
Austin Rivers,SG,29,67,18,1480,146,350,0.417,79,231,0.342,67,119,0.563,0.53,32,44,0.727,19,95,114,1.701,90,1.343,51,0.761,6,0.090,54,0.806,121,1.806,403,6.015,5.881
Dillon Brooks,SF,26,32,31,885,227,526,0.432,46,149,0.309,181,377,0.48,0.475,90,106,0.849,29,73,102,3.188,88,2.750,36,1.125,8,0.250,50,1.563,105,3.281,590,18.438,14.344
Luguentz Dort,SG,22,51,51,1665,293,726,0.404,130,391,0.332,163,335,0.487,0.493,161,191,0.843,38,174,212,4.157,88,1.725,46,0.902,18,0.353,88,1.725,149,2.922,877,17.196,13.529
Trey Lyles,PF,26,75,23,1537,262,562,0.466,67,209,0.321,195,353,0.552,0.526,195,243,0.802,89,290,379,5.053,88,1.173,29,0.387,32,0.427,73,0.973,123,1.640,786,10.480,11.907
Klay Thompson,SG,31,32,32,941,246,573,0.429,114,296,0.385,132,277,0.477,0.529,46,51,0.902,15,110,125,3.906,88,2.750,16,0.500,17,0.531,43,1.344,54,1.688,652,20.375,16.344
CJ Elleby,SF,21,58,28,1174,121,308,0.393,37,126,0.294,84,182,0.462,0.453,60,84,0.714,66,161,227,3.914,87,1.500,35,0.603,19,0.328,56,0.966,116,2.000,339,5.845,7.586
Moritz Wagner,C,24,63,3,960,197,396,0.497,66,201,0.328,131,195,0.672,0.581,104,129,0.806,42,190,232,3.683,87,1.381,20,0.317,13,0.206,56,0.889,123,1.952,564,8.952,10.095
Brandon Clarke,PF,25,64,1,1246,288,447,0.644,5,22,0.227,283,425,0.666,0.65,85,130,0.654,135,207,342,5.344,86,1.344,39,0.609,68,1.063,34,0.531,122,1.906,666,10.406,15.047
Goran Dragić,PG,35,21,8,498,57,151,0.377,16,63,0.254,41,88,0.466,0.43,27,33,0.818,13,52,65,3.095,86,4.095,19,0.905,4,0.190,34,1.619,45,2.143,157,7.476,9.381
Jaren Jackson Jr.,PF,22,78,78,2126,430,1036,0.415,128,401,0.319,302,635,0.476,0.477,284,345,0.823,119,335,454,5.821,86,1.103,73,0.936,177,2.269,130,1.667,272,3.487,1272,16.308,16.218
Bobby Portis,C,26,72,59,2028,417,871,0.479,133,338,0.393,284,533,0.533,0.555,85,113,0.752,180,477,657,9.125,86,1.194,53,0.736,51,0.708,90,1.250,174,2.417,1052,14.611,18.431
Mo Bamba,C,23,71,69,1824,296,617,0.48,107,281,0.381,189,336,0.563,0.566,57,73,0.781,148,424,572,8.056,85,1.197,38,0.535,118,1.662,77,1.085,182,2.563,756,10.648,16.268
Drew Eubanks,C,24,71,31,1245,221,371,0.596,5,23,0.217,216,348,0.621,0.602,99,130,0.762,130,252,382,5.380,85,1.197,31,0.437,40,0.563,81,1.141,122,1.718,546,7.690,11.577
Corey Kispert,SF,22,77,36,1801,234,514,0.455,112,320,0.35,122,194,0.629,0.564,54,62,0.871,53,156,209,2.714,85,1.104,35,0.455,22,0.286,50,0.649,93,1.208,634,8.234,8.403
Duane Washington Jr.,PG,21,48,7,968,173,427,0.405,81,215,0.377,92,212,0.434,0.5,46,61,0.754,4,79,83,1.729,85,1.771,26,0.542,3,0.063,57,1.188,66,1.375,473,9.854,7.167
Deandre Ayton,C,23,58,58,1713,442,697,0.634,7,19,0.368,435,678,0.642,0.639,106,142,0.746,149,444,593,10.224,84,1.448,40,0.690,40,0.690,91,1.569,142,2.448,997,17.190,23.655
Kelly Oubre Jr.,SF,26,76,13,1999,410,932,0.44,191,553,0.345,219,379,0.578,0.542,126,189,0.667,79,223,302,3.974,84,1.105,77,1.013,31,0.408,67,0.882,189,2.487,1137,14.961,12.882
Justise Winslow,PF,25,48,11,774,110,257,0.428,15,66,0.227,95,191,0.497,0.457,39,66,0.591,50,152,202,4.208,84,1.750,35,0.729,25,0.521,49,1.021,67,1.396,274,5.708,8.271
Reggie Bullock,SF,30,68,37,1902,201,501,0.401,141,392,0.36,60,109,0.55,0.542,40,48,0.833,33,208,241,3.544,83,1.221,41,0.603,14,0.206,40,0.588,111,1.632,583,8.574,9.029
Precious Achiuwa,C,22,73,28,1725,265,603,0.439,56,156,0.359,209,447,0.468,0.486,78,131,0.595,146,327,473,6.479,82,1.123,37,0.507,41,0.562,84,1.151,151,2.068,664,9.096,11.260
Pat Connaughton,SF,29,65,19,1691,227,496,0.458,146,370,0.395,81,126,0.643,0.605,45,54,0.833,45,228,273,4.200,82,1.262,59,0.908,15,0.231,35,0.538,86,1.323,645,9.923,11.708
Isaiah Stewart,C,20,71,71,1816,250,490,0.51,15,46,0.326,235,444,0.529,0.526,74,103,0.718,226,391,617,8.690,82,1.155,22,0.310,78,1.099,85,1.197,211,2.972,589,8.296,14.563
Jeremy Lamb,SF-SG,29,56,0,935,133,347,0.383,55,170,0.324,78,177,0.441,0.463,89,106,0.84,26,128,154,2.750,81,1.446,31,0.554,22,0.393,37,0.661,59,1.054,410,7.321,7.679
Lauri Markkanen,SF,24,61,61,1878,313,703,0.445,136,380,0.358,177,323,0.548,0.542,138,159,0.868,59,286,345,5.656,81,1.328,45,0.738,30,0.492,54,0.885,130,2.131,900,14.754,15.344
Larry Nance Jr.,C-PF,29,46,11,1040,129,247,0.522,23,70,0.329,106,177,0.599,0.569,40,57,0.702,72,176,248,5.391,81,1.761,43,0.935,20,0.435,37,0.804,84,1.826,321,6.978,11.761
Joshua Primo,SF,19,50,16,965,101,270,0.374,42,137,0.307,59,133,0.444,0.452,44,59,0.746,32,81,113,2.260,81,1.620,20,0.400,23,0.460,57,1.140,79,1.580,288,5.760,5.680
Trendon Watford,SF,21,48,10,869,142,267,0.532,9,38,0.237,133,229,0.581,0.549,71,94,0.755,57,142,199,4.146,81,1.688,25,0.521,28,0.583,44,0.917,116,2.417,364,7.583,10.521
Stanley Johnson,PF,25,48,27,1094,117,251,0.466,33,105,0.314,84,146,0.575,0.532,53,74,0.716,34,121,155,3.229,80,1.667,43,0.896,14,0.292,35,0.729,109,2.271,320,6.667,8.792
Kris Dunn,PG,27,14,3,336,44,102,0.431,1,11,0.091,43,91,0.473,0.436,17,18,0.944,9,40,49,3.500,79,5.643,23,1.643,3,0.214,32,2.286,38,2.714,106,7.571,12.071
Josh Green,SG,21,67,3,1039,130,256,0.508,28,78,0.359,102,178,0.573,0.563,31,45,0.689,52,109,161,2.403,79,1.179,45,0.672,14,0.209,44,0.657,115,1.716,319,4.761,6.478
Jaden McDaniels,PF,21,70,31,1803,255,554,0.46,80,252,0.317,175,302,0.579,0.532,57,71,0.803,76,217,293,4.186,79,1.129,52,0.743,54,0.771,75,1.071,224,3.200,647,9.243,10.529
Cam Thomas,SG,20,67,2,1176,218,503,0.433,47,174,0.27,171,329,0.52,0.48,87,105,0.829,16,145,161,2.403,78,1.164,33,0.493,8,0.119,55,0.821,66,0.985,570,8.507,7.343
Grant Williams,PF,23,77,21,1875,205,432,0.475,106,258,0.411,99,174,0.569,0.597,86,95,0.905,64,210,274,3.558,78,1.013,38,0.494,57,0.740,62,0.805,186,2.416,602,7.818,9.753
Obi Toppin,PF,23,72,10,1230,251,473,0.531,52,169,0.308,199,304,0.655,0.586,94,124,0.758,69,199,268,3.722,77,1.069,25,0.347,33,0.458,56,0.778,102,1.417,648,9.000,10.319
Keon Johnson,SG,19,37,12,697,96,272,0.353,34,100,0.34,62,172,0.36,0.415,41,51,0.804,24,57,81,2.189,76,2.054,28,0.757,12,0.324,46,1.243,69,1.865,267,7.216,6.270
Bryn Forbes,SG,28,75,2,1286,231,539,0.429,122,295,0.414,109,244,0.447,0.542,79,87,0.908,10,83,93,1.240,75,1.000,25,0.333,5,0.067,56,0.747,95,1.267,663,8.840,6.520
Matisse Thybulle,SG,24,66,50,1685,150,300,0.5,45,144,0.313,105,156,0.673,0.575,34,43,0.791,42,109,151,2.288,75,1.136,115,1.742,71,1.076,39,0.591,158,2.394,379,5.742,8.985
Garrett Temple,SG,35,59,16,1098,111,295,0.376,59,185,0.319,52,110,0.473,0.476,28,41,0.683,29,114,143,2.424,74,1.254,43,0.729,23,0.390,42,0.712,81,1.373,309,5.237,5.983
Hamidou Diallo,SG,23,58,29,1269,261,526,0.496,23,93,0.247,238,433,0.55,0.518,91,140,0.65,69,208,277,4.776,73,1.259,71,1.224,17,0.293,58,1.000,143,2.466,636,10.966,12.103
Oshae Brissett,SF,23,67,25,1564,208,506,0.411,83,237,0.35,125,269,0.465,0.493,114,164,0.695,108,250,358,5.343,72,1.075,44,0.657,29,0.433,54,0.806,116,1.731,613,9.149,10.657
Rudy Gobert,C,29,66,66,2120,362,508,0.713,0,4,0,362,504,0.718,0.713,303,439,0.69,241,727,968,14.667,72,1.091,45,0.682,137,2.076,119,1.803,176,2.667,1027,15.561,28.000
DeMarcus Cousins,C,31,48,7,718,149,324,0.46,37,122,0.303,112,202,0.554,0.517,95,125,0.76,74,196,270,5.625,71,1.479,35,0.729,21,0.438,85,1.771,139,2.896,430,8.958,11.188
Naz Reid,C,22,77,6,1215,233,476,0.489,57,166,0.343,176,310,0.568,0.549,114,149,0.765,102,199,301,3.909,71,0.922,40,0.519,71,0.922,82,1.065,172,2.234,637,8.273,9.870
Isaiah Roby,PF,23,45,28,948,166,323,0.514,44,99,0.444,122,224,0.545,0.582,78,116,0.672,75,142,217,4.822,71,1.578,36,0.800,34,0.756,43,0.956,109,2.422,454,10.089,12.756
Malachi Flynn,PG,23,44,5,537,72,183,0.393,30,90,0.333,42,93,0.452,0.475,15,24,0.625,10,53,63,1.432,70,1.591,20,0.455,4,0.091,13,0.295,45,1.023,189,4.295,4.841
Damian Jones,C,26,56,15,1017,175,266,0.658,10,29,0.345,165,237,0.696,0.677,94,131,0.718,75,171,246,4.393,69,1.232,26,0.464,47,0.839,59,1.054,130,2.321,454,8.107,11.696
Frank Ntilikina,SG,23,58,5,685,89,223,0.399,38,111,0.342,51,112,0.455,0.484,24,25,0.96,12,67,79,1.362,69,1.190,27,0.466,7,0.121,31,0.534,61,1.052,240,4.138,4.414
Carmelo Anthony,PF,37,69,3,1793,319,723,0.441,149,397,0.375,170,326,0.521,0.544,132,159,0.83,62,226,288,4.174,68,0.986,47,0.681,52,0.754,59,0.855,166,2.406,919,13.319,12.812
Daniel Gafford,C,23,72,53,1444,285,411,0.693,0,1,0,285,410,0.695,0.693,107,153,0.699,155,252,407,5.653,68,0.944,30,0.417,99,1.375,65,0.903,170,2.361,677,9.403,14.500
De'Andre Hunter,SF,24,53,52,1577,254,575,0.442,74,195,0.379,180,380,0.474,0.506,127,166,0.765,26,150,176,3.321,68,1.283,36,0.679,21,0.396,69,1.302,155,2.925,709,13.377,10.962
Maxi Kleber,PF,30,59,21,1450,141,354,0.398,83,255,0.325,58,99,0.586,0.516,46,65,0.708,70,280,350,5.932,68,1.153,30,0.508,58,0.983,47,0.797,137,2.322,411,6.966,10.814
Taurean Prince,PF,27,69,8,1177,177,390,0.454,86,229,0.376,91,161,0.565,0.564,62,82,0.756,26,148,174,2.522,68,0.986,47,0.681,23,0.333,53,0.768,116,1.681,502,7.275,7.652
Aaron Wiggins,SG,23,50,35,1209,156,337,0.463,42,138,0.304,114,199,0.573,0.525,62,85,0.729,51,127,178,3.560,68,1.360,30,0.600,10,0.200,54,1.080,93,1.860,416,8.320,8.880
DeAndre' Bembry,SF,27,56,20,1026,124,221,0.561,15,36,0.417,109,185,0.589,0.595,21,35,0.6,42,121,163,2.911,66,1.179,49,0.875,25,0.446,31,0.554,113,2.018,284,5.071,7.946
Troy Brown Jr.,SF,22,66,7,1055,108,258,0.419,47,133,0.353,61,125,0.488,0.51,20,26,0.769,39,164,203,3.076,66,1.000,36,0.545,5,0.076,26,0.394,62,0.939,283,4.288,6.227
Chris Chiozza,PG,26,34,1,372,24,81,0.296,17,53,0.321,7,28,0.25,0.401,2,3,0.667,9,27,36,1.059,65,1.912,13,0.382,0,0.000,32,0.941,32,0.941,67,1.971,2.676
Ziaire Williams,SF,20,62,31,1346,191,424,0.45,76,242,0.314,115,182,0.632,0.54,43,55,0.782,26,103,129,2.081,65,1.048,35,0.565,12,0.194,41,0.661,113,1.823,501,8.081,7.355
Danny Green,SF,34,62,28,1353,126,320,0.394,103,271,0.38,23,49,0.469,0.555,11,14,0.786,32,125,157,2.532,64,1.032,60,0.968,37,0.597,45,0.726,105,1.694,366,5.903,7.129
Jonathan Kuminga,SF,19,70,12,1185,236,460,0.513,50,149,0.336,186,311,0.598,0.567,130,190,0.684,54,180,234,3.343,64,0.914,31,0.443,22,0.314,74,1.057,146,2.086,652,9.314,9.214
Caleb Martin,SF,26,60,12,1372,208,410,0.507,64,155,0.413,144,255,0.565,0.585,71,93,0.763,70,160,230,3.833,64,1.067,58,0.967,30,0.500,52,0.867,104,1.733,551,9.183,10.950
Garrison Mathews,SG,25,65,33,1712,184,461,0.399,139,386,0.36,45,75,0.6,0.55,143,180,0.794,32,158,190,2.923,64,0.985,57,0.877,24,0.369,41,0.631,168,2.585,650,10.000,9.692
Doug McDermott,PF,30,51,51,1223,215,465,0.462,108,256,0.422,107,209,0.512,0.578,40,51,0.784,18,97,115,2.255,64,1.255,13,0.255,6,0.118,43,0.843,79,1.549,578,11.333,9.255
Gary Payton II,SG,29,71,16,1247,212,344,0.616,43,120,0.358,169,224,0.754,0.679,35,58,0.603,72,175,247,3.479,64,0.901,96,1.352,22,0.310,40,0.563,131,1.845,502,7.070,10.366
Jared Butler,SG,21,42,1,360,61,151,0.404,28,88,0.318,33,63,0.524,0.497,11,16,0.688,5,40,45,1.071,63,1.500,17,0.405,8,0.190,33,0.786,47,1.119,161,3.833,3.952
Willy Hernangómez,C,27,50,8,839,170,327,0.52,4,12,0.333,166,315,0.527,0.526,109,141,0.773,143,195,338,6.760,63,1.260,21,0.420,19,0.380,51,1.020,97,1.940,453,9.060,13.080
Damion Lee,SG,29,63,5,1256,169,383,0.441,63,187,0.337,106,196,0.541,0.523,66,75,0.88,27,176,203,3.222,63,1.000,39,0.619,6,0.095,38,0.603,95,1.508,467,7.413,8.206
Armoni Brooks,SG-PG,23,54,11,844,98,289,0.339,74,249,0.297,24,40,0.6,0.467,18,21,0.857,20,83,103,1.907,62,1.148,28,0.519,11,0.204,27,0.500,74,1.370,288,5.333,5.019
Naji Marshall,SF,24,55,4,735,109,269,0.405,21,105,0.2,88,164,0.537,0.444,74,93,0.796,38,104,142,2.582,62,1.127,33,0.600,8,0.145,46,0.836,69,1.255,313,5.691,6.055
Keifer Sykes,PG,28,32,11,566,69,190,0.363,27,90,0.3,42,100,0.42,0.434,15,17,0.882,8,37,45,1.406,62,1.938,12,0.375,4,0.125,33,1.031,51,1.594,180,5.625,4.594
Xavier Tillman Sr.,PF,23,53,2,701,98,216,0.454,10,49,0.204,88,167,0.527,0.477,46,71,0.648,66,95,161,3.038,62,1.170,49,0.925,15,0.283,34,0.642,63,1.189,252,4.755,6.830
Zach Collins,C,24,28,4,502,76,155,0.49,14,41,0.341,62,114,0.544,0.535,52,65,0.8,46,107,153,5.464,61,2.179,13,0.464,23,0.821,45,1.607,67,2.393,218,7.786,11.821
Javonte Green,SF,28,65,45,1519,176,325,0.542,36,101,0.356,140,224,0.625,0.597,80,96,0.833,91,185,276,4.246,60,0.923,67,1.031,32,0.492,30,0.462,132,2.031,468,7.200,10.892
Chimezie Metu,C,24,60,20,1279,203,449,0.452,57,186,0.306,146,263,0.555,0.516,71,91,0.78,34,301,335,5.583,60,1.000,51,0.850,32,0.533,61,1.017,93,1.550,534,8.900,11.417
JaMychal Green,PF,31,67,8,1085,159,327,0.486,33,124,0.266,126,203,0.621,0.537,81,93,0.871,81,200,281,4.194,59,0.881,43,0.642,26,0.388,57,0.851,158,2.358,432,6.448,9.015
Ben McLemore,SG,28,64,6,1285,216,539,0.401,151,417,0.362,65,122,0.533,0.541,72,88,0.818,12,91,103,1.609,59,0.922,38,0.594,10,0.156,55,0.859,103,1.609,655,10.234,7.359
Jordan Nwora,SF,23,62,13,1185,186,462,0.403,79,227,0.348,107,235,0.455,0.488,36,43,0.837,37,184,221,3.565,59,0.952,25,0.403,17,0.274,57,0.919,78,1.258,487,7.855,7.565
Jalen McDaniels,SF,24,55,2,895,123,254,0.484,41,108,0.38,82,146,0.562,0.565,53,72,0.736,37,133,170,3.091,58,1.055,26,0.473,22,0.400,36,0.655,93,1.691,340,6.182,7.818
Trey Burke,PG,29,42,0,441,84,215,0.391,26,82,0.317,58,133,0.436,0.451,20,23,0.87,4,29,33,0.786,57,1.357,12,0.286,0,0.000,26,0.619,39,0.929,214,5.095,3.714
Vit Krejci,SG,21,30,8,690,68,167,0.407,32,98,0.327,36,69,0.522,0.503,19,22,0.864,18,83,101,3.367,57,1.900,19,0.633,8,0.267,29,0.967,65,2.167,187,6.233,8.033
Khem Birch,C,29,55,28,991,97,200,0.485,0,14,0,97,186,0.522,0.485,53,71,0.746,122,117,239,4.345,56,1.018,30,0.545,26,0.473,29,0.527,104,1.891,247,4.491,8.145
Rudy Gay,PF,35,55,1,1038,157,379,0.414,70,203,0.345,87,176,0.494,0.507,62,79,0.785,55,187,242,4.400,56,1.018,25,0.455,19,0.345,47,0.855,95,1.727,446,8.109,9.127
Goga Bitadze,C,22,50,16,729,131,252,0.52,23,80,0.288,108,172,0.628,0.565,64,94,0.681,79,98,177,3.540,55,1.100,21,0.420,42,0.840,46,0.920,107,2.140,349,6.980,8.940
Frank Jackson,PG,23,53,7,1164,194,483,0.402,86,279,0.308,108,204,0.529,0.491,86,104,0.827,19,68,87,1.642,55,1.038,27,0.509,9,0.170,38,0.717,89,1.679,560,10.566,7.415
Brad Wanamaker,PG,32,23,2,320,28,77,0.364,4,17,0.235,24,60,0.4,0.39,23,25,0.92,6,33,39,1.696,55,2.391,7,0.304,6,0.261,23,1.000,45,1.957,83,3.609,5.043
Josh Jackson,SF,24,51,3,830,120,300,0.4,33,130,0.254,87,170,0.512,0.455,55,77,0.714,21,120,141,2.765,54,1.059,26,0.510,22,0.431,47,0.922,88,1.725,328,6.431,6.314
Nassir Little,SF,21,42,23,1088,145,315,0.46,51,154,0.331,94,161,0.584,0.541,69,94,0.734,58,178,236,5.619,54,1.286,25,0.595,36,0.857,40,0.952,82,1.952,410,9.762,12.524
Robin Lopez,C,33,36,9,612,110,199,0.553,2,6,0.333,108,193,0.56,0.558,32,54,0.593,68,58,126,3.500,54,1.500,2,0.056,18,0.500,44,1.222,67,1.861,254,7.056,8.306
Onyeka Okongwu,C,21,48,6,992,156,226,0.69,0,0,,156,226,0.69,0.69,80,110,0.727,115,168,283,5.896,53,1.104,31,0.646,60,1.250,44,0.917,149,3.104,392,8.167,14.063
Davon Reed,SG,26,48,5,668,81,161,0.503,37,86,0.43,44,75,0.587,0.618,10,15,0.667,14,94,108,2.250,53,1.104,24,0.500,9,0.188,16,0.333,63,1.313,209,4.354,6.292
Dean Wade,PF,25,51,28,980,99,217,0.456,51,142,0.359,48,75,0.64,0.574,20,30,0.667,31,119,150,2.941,52,1.020,29,0.569,7,0.137,16,0.314,88,1.725,269,5.275,7.118
Brandon Boston Jr.,SG,20,51,0,760,125,325,0.385,34,111,0.306,91,214,0.425,0.437,59,72,0.819,17,94,111,2.176,51,1.000,26,0.510,13,0.255,31,0.608,43,0.843,343,6.725,5.882
Serge Ibaka,C,32,54,12,877,148,296,0.5,37,99,0.374,111,197,0.563,0.563,32,44,0.727,62,188,250,4.630,49,0.907,11,0.204,33,0.611,43,0.796,102,1.889,365,6.759,9.352
Kira Lewis Jr.,PG,20,24,0,341,59,146,0.404,13,58,0.224,46,88,0.523,0.449,10,12,0.833,9,30,39,1.625,49,2.042,11,0.458,1,0.042,26,1.083,17,0.708,141,5.875,5.250
Jeremiah Robinson-Earl,C,21,49,36,1087,134,324,0.414,58,165,0.352,76,159,0.478,0.503,40,54,0.741,75,199,274,5.592,49,1.000,29,0.592,15,0.306,39,0.796,75,1.531,366,7.469,10.000
Omer Yurtseven,C,23,56,12,706,130,247,0.526,1,11,0.091,129,236,0.547,0.528,38,61,0.623,85,209,294,5.250,49,0.875,17,0.304,20,0.357,41,0.732,84,1.500,299,5.339,8.893
Rui Hachimura,PF,23,42,13,943,187,381,0.491,55,123,0.447,132,258,0.512,0.563,46,66,0.697,25,135,160,3.810,48,1.143,23,0.548,9,0.214,33,0.786,53,1.262,475,11.310,11.143
Richaun Holmes,C,28,45,37,1074,198,300,0.66,2,5,0.4,196,295,0.664,0.663,70,90,0.778,93,224,317,7.044,48,1.067,17,0.378,41,0.911,56,1.244,128,2.844,468,10.400,15.844
Rodney McGruder,SG,30,51,2,754,98,225,0.436,58,146,0.397,40,79,0.506,0.564,19,26,0.731,31,80,111,2.176,48,0.941,21,0.412,7,0.137,24,0.471,58,1.137,273,5.353,5.922
Cam Reddish,SF,22,49,7,1012,165,408,0.404,66,184,0.359,99,224,0.442,0.485,101,112,0.902,25,80,105,2.143,48,0.980,47,0.959,15,0.306,57,1.163,60,1.224,497,10.143,8.184
Avery Bradley,SG,31,62,45,1406,148,350,0.423,82,210,0.39,66,140,0.471,0.54,16,18,0.889,31,105,136,2.194,47,0.758,53,0.855,9,0.145,38,0.613,118,1.903,394,6.355,6.403
Dewayne Dedmon,C,32,67,15,1065,164,290,0.566,19,47,0.404,145,243,0.597,0.598,75,100,0.75,105,281,386,5.761,47,0.701,24,0.358,42,0.627,70,1.045,174,2.597,422,6.299,10.448
Jock Landale,C,26,54,1,589,101,204,0.495,29,89,0.326,72,115,0.626,0.566,34,41,0.829,63,75,138,2.556,45,0.833,10,0.185,14,0.259,31,0.574,53,0.981,265,4.907,6.130
Alex Len,C,28,39,10,620,94,176,0.534,6,21,0.286,88,155,0.568,0.551,41,63,0.651,52,109,161,4.128,45,1.154,13,0.333,25,0.641,43,1.103,100,2.564,235,6.026,8.513
Svi Mykhailiuk,SF,24,56,5,716,91,234,0.389,41,134,0.306,50,100,0.5,0.476,32,37,0.865,20,72,92,1.643,45,0.804,26,0.464,4,0.071,32,0.571,54,0.964,255,4.554,4.321
Quentin Grimes,SG,21,46,6,786,95,235,0.404,72,189,0.381,23,46,0.5,0.557,13,19,0.684,24,70,94,2.043,44,0.957,31,0.674,11,0.239,28,0.609,72,1.565,275,5.978,6.109
Danuel House Jr.,SF,28,42,7,727,80,198,0.404,44,117,0.376,36,81,0.444,0.515,44,58,0.759,18,93,111,2.643,44,1.048,21,0.500,17,0.405,33,0.786,51,1.214,248,5.905,6.571
Lamar Stevens,PF,24,63,13,1015,156,319,0.489,18,65,0.277,138,254,0.543,0.517,53,75,0.707,47,117,164,2.603,44,0.698,31,0.492,18,0.286,41,0.651,106,1.683,383,6.079,6.571
Myles Turner,C,25,42,42,1235,200,393,0.509,61,183,0.333,139,210,0.662,0.587,79,105,0.752,65,232,297,7.071,44,1.048,28,0.667,118,2.810,54,1.286,119,2.833,540,12.857,17.952
Nic Claxton,C,22,47,19,974,178,264,0.674,0,0,,178,264,0.674,0.674,54,93,0.581,91,173,264,5.617,43,0.915,24,0.511,51,1.085,38,0.809,110,2.340,410,8.723,13.383
Jaxson Hayes,C,21,70,28,1398,245,398,0.616,20,57,0.351,225,341,0.66,0.641,144,188,0.766,115,200,315,4.500,43,0.614,33,0.471,55,0.786,54,0.771,155,2.214,654,9.343,12.129
LaMarcus Aldridge,C,36,47,12,1050,252,458,0.55,14,46,0.304,238,412,0.578,0.566,89,102,0.873,73,185,258,5.489,42,0.894,14,0.298,47,1.000,44,0.936,78,1.660,607,12.915,15.000
JaVale McGee,C,34,74,17,1172,288,458,0.629,2,9,0.222,286,449,0.637,0.631,102,146,0.699,163,333,496,6.703,42,0.568,22,0.297,81,1.095,98,1.324,181,2.446,680,9.189,13.635
Keita Bates-Diop,SF,26,59,14,956,136,263,0.517,17,55,0.309,119,208,0.572,0.549,46,61,0.754,62,169,231,3.915,41,0.695,27,0.458,14,0.237,45,0.763,61,1.034,335,5.678,7.814
Miles McBride,PG,21,40,2,372,32,108,0.296,17,68,0.25,15,40,0.375,0.375,8,12,0.667,4,38,42,1.050,41,1.025,14,0.350,1,0.025,5,0.125,45,1.125,89,2.225,2.550
Terry Taylor,PF,22,33,7,714,135,220,0.614,12,38,0.316,123,182,0.676,0.641,36,51,0.706,95,77,172,5.212,41,1.242,14,0.424,8,0.242,23,0.697,61,1.848,318,9.636,13.030
Daniel Theis,C,29,47,27,977,151,291,0.519,33,107,0.308,118,184,0.641,0.576,49,72,0.681,59,169,228,4.851,41,0.872,20,0.426,31,0.660,46,0.979,111,2.362,384,8.170,10.532
Terence Davis,SG,24,30,11,536,113,267,0.423,49,149,0.329,64,118,0.542,0.515,36,44,0.818,11,83,94,3.133,40,1.333,25,0.833,11,0.367,33,1.100,70,2.333,311,10.367,9.533
Timothé Luwawu-Cabarrot,SF,26,52,18,685,74,186,0.398,44,122,0.361,30,64,0.469,0.516,35,41,0.854,17,65,82,1.577,40,0.769,18,0.346,6,0.115,20,0.385,76,1.462,227,4.365,4.519
Daishen Nix,SG,19,24,0,261,27,67,0.403,7,26,0.269,20,41,0.488,0.455,16,30,0.533,7,26,33,1.375,40,1.667,15,0.625,0,0.000,26,1.083,21,0.875,77,3.208,3.542
Rodney Hood,PF-SF,29,52,0,709,58,157,0.369,30,91,0.33,28,66,0.424,0.465,17,19,0.895,15,62,77,1.481,38,0.731,15,0.288,6,0.115,11,0.212,31,0.596,163,3.135,3.596
Trey Murphy III,SF,21,62,1,864,109,277,0.394,71,186,0.382,38,91,0.418,0.522,45,51,0.882,47,100,147,2.371,38,0.613,23,0.371,7,0.113,16,0.258,60,0.968,334,5.387,5.790
Mitchell Robinson,C,23,72,62,1848,261,343,0.761,0,0,,261,343,0.761,0.761,88,181,0.486,295,322,617,8.569,38,0.528,58,0.806,133,1.847,60,0.833,195,2.708,610,8.472,16.958
Ignas Brazdeikis,SF,23,42,1,536,81,188,0.431,27,87,0.31,54,101,0.535,0.503,21,32,0.656,23,49,72,1.714,37,0.881,10,0.238,3,0.071,17,0.405,48,1.143,210,5.000,4.690
Marvin Bagley III,PF,22,48,25,1146,225,446,0.504,23,97,0.237,202,349,0.579,0.53,67,101,0.663,105,233,338,7.042,36,0.750,22,0.458,18,0.375,39,0.813,93,1.938,540,11.250,13.750
Wesley Matthews,SG,35,49,14,1002,87,220,0.395,53,157,0.338,34,63,0.54,0.516,22,28,0.786,30,62,92,1.878,36,0.735,23,0.469,8,0.163,18,0.367,87,1.776,249,5.082,5.122
Eric Paschall,PF,25,58,3,736,114,235,0.485,40,108,0.37,74,127,0.583,0.57,66,86,0.767,30,76,106,1.828,36,0.621,9,0.155,5,0.086,27,0.466,51,0.879,334,5.759,5.552
Greg Brown III,SF,20,48,6,640,81,190,0.426,19,61,0.311,62,129,0.481,0.476,44,65,0.677,38,97,135,2.813,35,0.729,26,0.542,24,0.500,36,0.750,90,1.875,225,4.688,5.813
Dwight Howard,C,36,60,27,971,134,219,0.612,8,15,0.533,126,204,0.618,0.63,96,146,0.658,118,238,356,5.933,35,0.583,34,0.567,36,0.600,47,0.783,115,1.917,372,6.200,10.850
Isaiah Joe,SG,22,55,1,609,62,177,0.35,45,135,0.333,17,42,0.405,0.477,29,31,0.935,6,50,56,1.018,35,0.636,14,0.255,3,0.055,19,0.345,47,0.855,198,3.600,3.091
David Nwaba,SF,29,46,4,609,85,176,0.483,15,49,0.306,70,127,0.551,0.526,48,67,0.716,41,110,151,3.283,35,0.761,28,0.609,20,0.435,21,0.457,55,1.196,233,5.065,7.304
Kent Bazemore,SF,32,39,14,545,45,139,0.324,29,80,0.363,16,59,0.271,0.428,13,17,0.765,13,56,69,1.769,34,0.872,25,0.641,9,0.231,21,0.538,70,1.795,132,3.385,3.846
Sterling Brown,SG,26,49,3,628,59,155,0.381,28,92,0.304,31,63,0.492,0.471,14,15,0.933,26,123,149,3.041,34,0.694,14,0.286,7,0.143,23,0.469,56,1.143,160,3.265,4.980
Gorgui Dieng,C,32,44,3,371,53,112,0.473,29,68,0.426,24,44,0.545,0.603,19,26,0.731,32,89,121,2.750,34,0.773,11,0.250,13,0.295,20,0.455,52,1.182,154,3.500,5.614
Tim Frazier,PG,31,12,3,208,14,45,0.311,6,17,0.353,8,28,0.286,0.378,5,9,0.556,5,14,19,1.583,34,2.833,3,0.250,1,0.083,15,1.250,27,2.250,39,3.250,3.833
Isaiah Thomas,PG,32,22,1,333,67,167,0.401,28,83,0.337,39,84,0.464,0.485,22,26,0.846,4,25,29,1.318,34,1.545,7,0.318,5,0.227,15,0.682,34,1.545,184,8.364,6.364
Tristan Thompson,PF,30,57,6,897,141,267,0.528,1,3,0.333,140,264,0.53,0.53,61,116,0.526,120,168,288,5.053,34,0.596,23,0.404,21,0.368,45,0.789,98,1.719,344,6.035,8.491
Dylan Windler,SF,25,50,0,459,37,98,0.378,21,70,0.3,16,28,0.571,0.485,15,18,0.833,21,68,89,1.780,34,0.680,14,0.280,3,0.060,16,0.320,47,0.940,110,2.200,3.400
Justin Anderson,SF,28,16,6,316,36,95,0.379,15,59,0.254,21,36,0.583,0.458,15,19,0.789,4,42,46,2.875,33,2.063,8,0.500,6,0.375,8,0.500,22,1.375,102,6.375,7.750
Jarrett Culver,SG,22,37,0,338,51,135,0.378,12,47,0.255,39,88,0.443,0.422,16,34,0.471,13,35,48,1.297,33,0.892,20,0.541,5,0.135,20,0.541,42,1.135,130,3.514,3.081
Taj Gibson,C,36,52,4,946,86,166,0.518,15,38,0.395,71,128,0.555,0.563,42,52,0.808,88,141,229,4.404,32,0.615,22,0.423,40,0.769,27,0.519,137,2.635,229,4.404,8.365
Justin Robinson,PG,24,25,0,304,28,93,0.301,18,61,0.295,10,32,0.313,0.398,4,8,0.5,4,17,21,0.840,32,1.280,9,0.360,1,0.040,17,0.680,27,1.080,78,3.120,2.200
Dāvis Bertāns,PF,29,56,0,807,99,275,0.36,77,230,0.335,22,45,0.489,0.5,36,40,0.9,12,105,117,2.089,31,0.554,17,0.304,12,0.214,19,0.339,85,1.518,311,5.554,5.161
Kessler Edwards,SF,21,48,23,987,110,267,0.412,48,136,0.353,62,131,0.473,0.502,16,19,0.842,44,128,172,3.583,31,0.646,29,0.604,24,0.500,42,0.875,85,1.771,284,5.917,7.042
Wayne Ellington,SG,34,43,9,810,98,237,0.414,82,211,0.389,16,26,0.615,0.586,9,11,0.818,10,67,77,1.791,30,0.698,23,0.535,5,0.116,19,0.442,42,0.977,287,6.674,6.093
Derrick Jones Jr.,PF,24,51,8,899,105,195,0.538,20,61,0.328,85,134,0.634,0.59,56,70,0.8,60,109,169,3.314,30,0.588,25,0.490,33,0.647,30,0.588,105,2.059,286,5.608,8.020
Kevin Pangos,PG,29,24,3,166,15,46,0.326,6,26,0.231,9,20,0.45,0.391,3,4,0.75,2,9,11,0.458,30,1.250,3,0.125,0,0.000,7,0.292,11,0.458,39,1.625,1.833
Zavier Simpson,PG,24,4,4,174,19,52,0.365,1,8,0.125,18,44,0.409,0.375,5,5,1,2,19,21,5.250,30,7.500,5,1.250,4,1.000,10,2.500,15,3.750,44,11.000,15.250
PJ Dozier,SG,25,18,0,340,36,99,0.364,15,48,0.313,21,51,0.412,0.439,10,13,0.769,14,49,63,3.500,29,1.611,11,0.611,6,0.333,13,0.722,33,1.833,97,5.389,7.056
Paul Millsap,C,36,33,1,376,45,115,0.391,8,35,0.229,37,80,0.463,0.426,17,24,0.708,41,73,114,3.455,29,0.879,10,0.303,13,0.394,19,0.576,67,2.030,115,3.485,5.606
Victor Oladipo,SG,29,8,1,173,35,73,0.479,15,36,0.417,20,37,0.541,0.582,14,19,0.737,3,20,23,2.875,28,3.500,5,0.625,1,0.125,16,2.000,13,1.625,99,12.375,12.125
Tony Snell,SG,30,53,12,823,69,171,0.404,45,128,0.352,24,43,0.558,0.535,4,4,1,16,87,103,1.943,28,0.528,16,0.302,9,0.170,19,0.358,70,1.321,187,3.528,4.189
Trevor Ariza,SF,36,24,11,462,33,99,0.333,20,74,0.27,13,25,0.52,0.434,10,18,0.556,10,72,82,3.417,27,1.125,13,0.542,6,0.250,11,0.458,20,0.833,96,4.000,5.792
Tony Bradley,C,24,55,7,549,72,123,0.585,0,0,,72,123,0.585,0.585,19,29,0.655,67,119,186,3.382,27,0.491,10,0.182,33,0.600,34,0.618,62,1.127,163,2.964,5.891
Anthony Gill,PF,29,44,0,463,62,109,0.569,14,26,0.538,48,83,0.578,0.633,42,52,0.808,33,52,85,1.932,27,0.614,5,0.114,11,0.250,18,0.409,58,1.318,180,4.091,5.295
James Bouknight,SG,21,31,0,304,49,141,0.348,17,49,0.347,32,92,0.348,0.408,27,31,0.871,22,30,52,1.677,26,0.839,7,0.226,1,0.032,15,0.484,29,0.935,142,4.581,3.774
Hassan Whiteside,C,32,65,8,1162,215,330,0.652,0,0,,215,330,0.652,0.652,104,167,0.623,166,328,494,7.600,26,0.400,22,0.338,103,1.585,53,0.815,179,2.754,534,8.215,14.585
Chris Boucher,SF,29,80,9,1690,268,577,0.464,68,229,0.297,200,348,0.575,0.523,150,193,0.777,179,315,494,6.175,25,0.313,49,0.613,75,0.938,42,0.525,174,2.175,754,9.425,12.538
Derrick Favors,C,30,39,18,653,94,182,0.516,2,16,0.125,92,166,0.554,0.522,16,25,0.64,58,126,184,4.718,25,0.641,17,0.436,12,0.308,9,0.231,62,1.590,206,5.282,8.667
Josh Okogie,SG,23,49,6,516,42,104,0.404,14,47,0.298,28,57,0.491,0.471,35,51,0.686,29,41,70,1.429,25,0.510,26,0.531,12,0.245,23,0.469,53,1.082,133,2.714,3.367
Admiral Schofield,SF,24,38,1,469,54,129,0.419,26,79,0.329,28,50,0.56,0.519,12,15,0.8,17,72,89,2.342,25,0.658,4,0.105,5,0.132,21,0.553,58,1.526,146,3.842,4.474
Xavier Moon,SG,27,10,0,137,25,51,0.49,5,14,0.357,20,37,0.541,0.539,3,5,0.6,2,12,14,1.400,24,2.400,7,0.700,3,0.300,6,0.600,9,0.900,58,5.800,7.200
Jalen Smith,PF,21,51,8,925,176,350,0.503,40,122,0.328,136,228,0.596,0.56,78,102,0.765,101,206,307,6.020,24,0.471,15,0.294,41,0.804,42,0.824,96,1.882,470,9.216,12.098
Lindy Waters III,SG,24,25,1,465,71,175,0.406,53,146,0.363,18,29,0.621,0.557,4,5,0.8,6,67,73,2.920,24,0.960,19,0.760,8,0.320,11,0.440,31,1.240,199,7.960,8.280
Bismack Biyombo,C,29,36,3,506,86,145,0.593,0,0,,86,145,0.593,0.593,38,71,0.535,63,104,167,4.639,23,0.639,12,0.333,26,0.722,25,0.694,70,1.944,210,5.833,8.917
Thomas Bryant,C,24,27,9,439,77,148,0.52,12,42,0.286,65,106,0.613,0.561,35,40,0.875,26,82,108,4.000,23,0.852,6,0.222,21,0.778,19,0.704,43,1.593,201,7.444,9.778
Maurice Harkless,SF,28,47,24,863,83,181,0.459,31,101,0.307,52,80,0.65,0.544,20,28,0.714,12,100,112,2.383,23,0.489,29,0.617,24,0.511,31,0.660,77,1.638,217,4.617,5.702
Moses Moody,SG,19,52,11,607,80,183,0.437,40,110,0.364,40,73,0.548,0.546,28,36,0.778,17,63,80,1.538,23,0.442,7,0.135,10,0.192,13,0.250,43,0.827,228,4.385,4.308
Markieff Morris,PF,32,17,1,298,54,114,0.474,13,39,0.333,41,75,0.547,0.531,8,9,0.889,17,28,45,2.647,23,1.353,6,0.353,1,0.059,20,1.176,33,1.941,129,7.588,7.235
Nerlens Noel,C,27,25,11,562,32,60,0.533,0,3,0,32,57,0.561,0.533,21,30,0.7,48,93,141,5.640,23,0.920,30,1.200,31,1.240,20,0.800,67,2.680,85,3.400,10.120
Collin Sexton,SG,23,11,11,316,68,151,0.45,11,45,0.244,57,106,0.538,0.487,29,39,0.744,13,23,36,3.273,23,2.091,10,0.909,0,0.000,31,2.818,25,2.273,176,16.000,11.000
Lindell Wigginton,PG,23,19,0,199,26,61,0.426,9,26,0.346,17,35,0.486,0.5,19,35,0.543,3,22,25,1.316,23,1.211,5,0.263,1,0.053,12,0.632,17,0.895,80,4.211,3.737
Thanasis Antetokounmpo,SF,29,48,6,473,70,128,0.547,2,14,0.143,68,114,0.596,0.555,29,46,0.63,40,61,101,2.104,22,0.458,16,0.333,12,0.250,26,0.542,68,1.417,171,3.563,4.604
Elijah Hughes,SG-SF,23,36,4,434,47,144,0.326,25,95,0.263,22,49,0.449,0.413,7,9,0.778,6,52,58,1.611,22,0.611,14,0.389,8,0.222,17,0.472,39,1.083,126,3.500,3.111
Nathan Knight,PF,24,37,2,267,45,88,0.511,4,13,0.308,41,75,0.547,0.534,44,60,0.733,32,53,85,2.297,22,0.595,7,0.189,8,0.216,18,0.486,42,1.135,138,3.730,4.946
Sandro Mamukelashvili,PF,22,41,3,407,57,115,0.496,22,52,0.423,35,63,0.556,0.591,18,22,0.818,35,47,82,2.000,22,0.537,9,0.220,9,0.220,15,0.366,28,0.683,154,3.756,4.854
Greg Monroe,C,31,14,0,195,32,57,0.561,0,0,,32,57,0.561,0.561,12,23,0.522,30,34,64,4.571,22,1.571,8,0.571,10,0.714,12,0.857,24,1.714,76,5.429,9.429
Mike Muscala,C,30,43,0,592,113,248,0.456,70,163,0.429,43,85,0.506,0.597,48,57,0.842,21,108,129,3.000,22,0.512,18,0.419,26,0.605,14,0.326,58,1.349,344,8.000,8.860
Aaron Nesmith,SF,22,52,3,574,72,182,0.396,31,115,0.27,41,67,0.612,0.481,21,26,0.808,15,74,89,1.712,22,0.423,20,0.385,5,0.096,31,0.596,70,1.346,196,3.769,3.577
Killian Tillie,C,23,36,3,461,43,127,0.339,27,86,0.314,16,41,0.39,0.445,5,8,0.625,21,39,60,1.667,22,0.611,23,0.639,15,0.417,13,0.361,58,1.611,118,3.278,3.833
Cody Zeller,C,29,27,0,355,51,90,0.567,0,4,0,51,86,0.593,0.567,38,49,0.776,50,75,125,4.630,22,0.815,8,0.296,6,0.222,19,0.704,56,2.074,140,5.185,8.593
Santi Aldama,PF,21,32,0,360,53,132,0.402,6,48,0.125,47,84,0.56,0.424,20,32,0.625,33,54,87,2.719,21,0.656,6,0.188,10,0.313,16,0.500,36,1.125,132,4.125,4.656
Leandro Bolmaro,SF,21,35,2,241,17,54,0.315,5,18,0.278,12,36,0.333,0.361,11,13,0.846,16,27,43,1.229,21,0.600,6,0.171,0,0.000,13,0.371,26,0.743,50,1.429,1.943
DeAndre Jordan,C,33,48,20,622,92,143,0.643,0,0,,92,143,0.643,0.643,22,40,0.55,83,181,264,5.500,21,0.438,12,0.250,35,0.729,37,0.771,71,1.479,206,4.292,9.000
Romeo Langford,SG,22,48,5,771,83,191,0.435,29,85,0.341,54,106,0.509,0.51,23,42,0.548,30,78,108,2.250,21,0.438,22,0.458,16,0.333,16,0.333,47,0.979,218,4.542,5.042
Isaiah Livers,SF,23,19,5,383,41,90,0.456,27,64,0.422,14,26,0.538,0.606,12,14,0.857,15,42,57,3.000,21,1.105,13,0.684,7,0.368,15,0.789,37,1.947,121,6.368,8.053
Kelan Martin,SF,26,30,1,450,70,171,0.409,22,75,0.293,48,96,0.5,0.474,9,13,0.692,17,38,55,1.833,21,0.700,13,0.433,9,0.300,14,0.467,36,1.200,171,5.700,5.000
Jericho Sims,PF,23,41,5,555,39,54,0.722,0,0,,39,54,0.722,0.722,12,29,0.414,61,108,169,4.122,21,0.512,11,0.268,22,0.537,20,0.488,66,1.610,90,2.195,6.366
Derrick Walton,PG,26,3,3,108,6,26,0.231,3,13,0.231,3,13,0.231,0.288,4,4,1,2,8,10,3.333,21,7.000,7,2.333,4,1.333,11,3.667,8,2.667,19,6.333,10.000
Yuta Watanabe,SF,27,38,4,445,56,138,0.406,27,79,0.342,29,59,0.492,0.504,24,40,0.6,18,74,92,2.421,21,0.553,11,0.289,16,0.421,19,0.500,38,1.000,163,4.289,4.895
Luka Garza,C,23,32,5,389,66,147,0.449,16,49,0.327,50,98,0.51,0.503,38,61,0.623,58,42,100,3.125,20,0.625,9,0.281,6,0.188,18,0.563,55,1.719,186,5.813,6.219
Hassani Gravett,PG,25,8,3,171,18,38,0.474,11,26,0.423,7,12,0.583,0.618,3,4,0.75,1,20,21,2.625,20,2.500,5,0.625,1,0.125,9,1.125,13,1.625,50,6.250,8.375
Juancho Hernangómez,PF,26,40,9,445,44,106,0.415,24,69,0.348,20,37,0.541,0.528,19,34,0.559,28,72,100,2.500,20,0.500,14,0.350,10,0.250,16,0.400,25,0.625,131,3.275,4.550
Matt Thomas,SG,27,40,0,459,55,134,0.41,35,91,0.385,20,43,0.465,0.541,16,20,0.8,3,47,50,1.250,20,0.500,8,0.200,3,0.075,8,0.200,18,0.450,161,4.025,3.775
Keljin Blevins,SF,26,31,1,349,34,111,0.306,21,72,0.292,13,39,0.333,0.401,6,11,0.545,16,29,45,1.452,19,0.613,13,0.419,1,0.032,17,0.548,29,0.935,95,3.065,2.387
Olivier Sarr,C,22,22,2,421,58,101,0.574,13,29,0.448,45,72,0.625,0.639,24,29,0.828,34,59,93,4.227,19,0.864,6,0.273,15,0.682,22,1.000,52,2.364,153,6.955,9.818
JT Thor,PF,19,33,0,262,24,55,0.436,7,27,0.259,17,28,0.607,0.5,12,20,0.6,11,32,43,1.303,19,0.576,8,0.242,11,0.333,10,0.303,26,0.788,67,2.030,3.000
Gary Clark,PF,27,38,1,378,33,88,0.375,28,70,0.4,5,18,0.278,0.534,7,10,0.7,23,67,90,2.368,18,0.474,13,0.342,7,0.184,10,0.263,20,0.526,101,2.658,4.237
Vlatko Čančar,PF,24,15,1,176,23,41,0.561,7,12,0.583,16,29,0.552,0.646,9,14,0.643,8,23,31,2.067,17,1.133,2,0.133,3,0.200,9,0.600,18,1.200,62,4.133,5.533
Marquese Chriss,PF,24,34,0,346,62,134,0.463,8,25,0.32,54,109,0.495,0.493,22,33,0.667,33,70,103,3.029,17,0.500,13,0.382,12,0.353,17,0.500,64,1.882,154,4.529,5.853
David Duke Jr.,PG,22,22,7,341,39,108,0.361,9,37,0.243,30,71,0.423,0.403,17,21,0.81,30,37,67,3.045,17,0.773,14,0.636,7,0.318,9,0.409,36,1.636,104,4.727,5.773
Usman Garuba,PF,19,24,2,239,19,44,0.432,5,20,0.25,14,24,0.583,0.489,5,7,0.714,21,62,83,3.458,17,0.708,10,0.417,11,0.458,6,0.250,28,1.167,48,2.000,5.667
Kyle Guy,SG,24,19,0,186,26,65,0.4,14,40,0.35,12,25,0.48,0.508,8,12,0.667,4,13,17,0.895,17,0.895,7,0.368,1,0.053,13,0.684,12,0.632,74,3.895,3.158
Jaylen Hoard,SF,22,7,5,240,44,90,0.489,9,25,0.36,35,65,0.538,0.539,6,14,0.429,30,54,84,12.000,17,2.429,6,0.857,5,0.714,8,1.143,14,2.000,103,14.714,21.857
Skylar Mays,SG,24,28,5,220,32,64,0.5,8,25,0.32,24,39,0.615,0.563,8,9,0.889,5,20,25,0.893,17,0.607,7,0.250,0,0.000,10,0.357,9,0.321,80,2.857,3.071
Zeke Nnaji,PF,21,41,1,698,96,186,0.516,37,80,0.463,59,106,0.557,0.616,41,65,0.631,56,91,147,3.585,17,0.415,16,0.390,13,0.317,23,0.561,79,1.927,270,6.585,7.951
Theo Pinson,SF,26,19,0,148,14,39,0.359,10,30,0.333,4,9,0.444,0.487,10,10,1,2,19,21,1.105,17,0.895,5,0.263,2,0.105,5,0.263,12,0.632,48,2.526,3.316
Michael Porter Jr.,SF,23,9,9,265,37,103,0.359,10,48,0.208,27,55,0.491,0.408,5,9,0.556,9,50,59,6.556,17,1.889,10,1.111,2,0.222,12,1.333,16,1.778,89,9.889,10.556
Day'Ron Sharpe,PF,20,32,8,391,86,149,0.577,2,7,0.286,84,142,0.592,0.584,24,41,0.585,81,79,160,5.000,17,0.531,10,0.313,15,0.469,30,0.938,60,1.875,198,6.188,9.063
Paul Reed,C,22,38,2,302,54,96,0.563,2,8,0.25,52,88,0.591,0.573,6,14,0.429,44,48,92,2.421,16,0.421,33,0.868,14,0.368,10,0.263,57,1.500,116,3.053,5.553
Javonte Smart,PG,22,17,1,200,19,60,0.317,8,27,0.296,11,33,0.333,0.383,5,6,0.833,5,19,24,1.412,16,0.941,6,0.353,3,0.176,11,0.647,12,0.706,51,3.000,2.765
Devon Dotson,PG,22,11,0,85,11,23,0.478,2,9,0.222,9,14,0.643,0.522,5,9,0.556,1,8,9,0.818,15,1.364,1,0.091,0,0.000,5,0.455,11,1.000,29,2.636,3.000
Ish Wainright,PF,27,45,0,359,41,104,0.394,19,59,0.322,22,45,0.489,0.486,7,12,0.583,27,27,54,1.200,15,0.333,20,0.444,6,0.133,13,0.289,49,1.089,108,2.400,2.711
Patrick Williams,PF,20,17,9,422,54,102,0.529,15,29,0.517,39,73,0.534,0.603,30,41,0.732,17,52,69,4.059,15,0.882,9,0.529,9,0.529,16,0.941,28,1.647,153,9.000,10.588
Carsen Edwards,SG,23,4,0,79,9,30,0.3,4,16,0.25,5,14,0.357,0.367,1,1,1,2,4,6,1.500,14,3.500,2,0.500,0,0.000,5,1.250,4,1.000,23,5.750,4.750
Wenyen Gabriel,PF,24,26,5,358,54,110,0.491,8,28,0.286,46,82,0.561,0.527,25,42,0.595,39,58,97,3.731,14,0.538,5,0.192,11,0.423,16,0.615,68,2.615,141,5.423,6.885
Jared Harper,PG,24,5,0,43,14,26,0.538,5,12,0.417,9,14,0.643,0.635,4,4,1,2,0,2,0.400,14,2.800,4,0.800,1,0.200,2,0.400,5,1.000,37,7.400,8.800
Joe Harris,SF,30,14,14,423,56,124,0.452,41,88,0.466,15,36,0.417,0.617,5,6,0.833,5,51,56,4.000,14,1.000,7,0.500,2,0.143,16,1.143,31,2.214,158,11.286,10.857
KZ Okpala,PF,22,21,0,244,30,69,0.435,9,26,0.346,21,43,0.488,0.5,8,11,0.727,11,30,41,1.952,14,0.667,4,0.190,7,0.333,5,0.238,25,1.190,77,3.667,4.571
Frank Kaminsky,C,28,9,0,181,36,66,0.545,5,15,0.333,31,51,0.608,0.583,18,20,0.9,11,30,41,4.556,13,1.444,8,0.889,7,0.778,5,0.556,14,1.556,95,10.556,14.111
Nick Richards,C,24,50,5,367,60,90,0.667,0,0,,60,90,0.667,0.667,30,43,0.698,34,52,86,1.720,13,0.260,9,0.180,21,0.420,24,0.480,51,1.020,150,3.000,4.240
Langston Galloway,SG,30,7,0,107,6,26,0.231,2,16,0.125,4,10,0.4,0.269,0,0,,3,15,18,2.571,12,1.714,1,0.143,0,0.000,6,0.857,7,1.000,14,2.000,2.714
Solomon Hill,SF,30,13,1,139,3,20,0.15,2,13,0.154,1,7,0.143,0.2,0,0,,6,17,23,1.769,12,0.923,4,0.308,2,0.154,1,0.077,16,1.231,8,0.615,2.385
Georgios Kalaitzakis,SF,23,13,4,214,31,67,0.463,10,26,0.385,21,41,0.512,0.537,14,30,0.467,6,15,21,1.615,12,0.923,11,0.846,2,0.154,20,1.538,19,1.462,86,6.615,4.615
RJ Nembhard Jr.,SG,22,14,0,63,6,18,0.333,0,2,0,6,16,0.375,0.333,3,4,0.75,3,4,7,0.500,12,0.857,1,0.071,0,0.000,3,0.214,2,0.143,15,1.071,1.357
Reggie Perry,PF,21,10,1,187,40,79,0.506,3,16,0.188,37,63,0.587,0.525,9,15,0.6,15,32,47,4.700,12,1.200,9,0.900,6,0.600,11,1.100,33,3.300,92,9.200,11.000
Justin Champagnie,SF,20,36,0,281,31,67,0.463,10,28,0.357,21,39,0.538,0.537,9,9,1,37,35,72,2.000,11,0.306,8,0.222,4,0.111,8,0.222,32,0.889,81,2.250,3.667
Braxton Key,SF,24,11,0,197,33,72,0.458,6,21,0.286,27,51,0.529,0.5,7,13,0.538,13,37,50,4.545,11,1.000,10,0.909,11,1.000,11,1.000,26,2.364,79,7.182,9.545
Gabriel Lundberg,SG,27,4,0,44,5,19,0.263,3,8,0.375,2,11,0.182,0.342,0,0,,2,5,7,1.750,11,2.750,3,0.750,0,0.000,3,0.750,7,1.750,13,3.250,4.250
Brodric Thomas,SG,25,12,0,60,8,18,0.444,2,9,0.222,6,9,0.667,0.5,3,5,0.6,2,8,10,0.833,11,0.917,1,0.083,1,0.083,6,0.500,7,0.583,21,1.750,2.167
Denzel Valentine,SG,28,24,0,222,25,66,0.379,19,47,0.404,6,19,0.316,0.523,0,0,,9,33,42,1.750,11,0.458,8,0.333,0,0.000,12,0.500,20,0.833,69,2.875,3.208
Devin Cannady,PG,25,5,0,145,15,44,0.341,15,37,0.405,0,7,0,0.511,5,7,0.714,1,5,6,1.200,10,2.000,5,1.000,3,0.600,5,1.000,9,1.800,50,10.000,7.600
Willie Cauley-Stein,C,28,20,2,183,16,35,0.457,1,2,0.5,15,33,0.455,0.471,1,2,0.5,13,27,40,2.000,10,0.500,6,0.300,3,0.150,7,0.350,19,0.950,34,1.700,3.300
Jeff Dowtin,PG,24,9,0,108,8,26,0.308,1,9,0.111,7,17,0.412,0.327,2,2,1,8,10,18,2.000,10,1.111,5,0.556,1,0.111,5,0.556,5,0.556,19,2.111,3.333
Sam Hauser,SF,24,26,0,158,23,50,0.46,19,44,0.432,4,6,0.667,0.65,0,0,,5,24,29,1.115,10,0.385,1,0.038,2,0.077,2,0.077,7,0.269,65,2.500,3.000
Isaiah Jackson,C,20,36,15,541,116,206,0.563,5,16,0.313,111,190,0.584,0.575,60,88,0.682,60,89,149,4.139,10,0.278,25,0.694,52,1.444,40,1.111,92,2.556,297,8.250,10.417
Kevin Knox,SF,22,30,0,222,31,85,0.365,15,54,0.278,16,31,0.516,0.453,16,22,0.727,14,30,44,1.467,10,0.333,4,0.133,2,0.067,7,0.233,19,0.633,93,3.100,2.867
Rayjon Tucker,SG,24,5,0,71,6,9,0.667,4,5,0.8,2,4,0.5,0.889,5,7,0.714,3,5,8,1.600,10,2.000,4,0.800,0,0.000,1,0.200,5,1.000,21,4.200,7.400
Alize Johnson,PF,25,23,0,167,17,39,0.436,0,4,0,17,35,0.486,0.436,7,12,0.583,28,33,61,2.652,9,0.391,5,0.217,0,0.000,12,0.522,18,0.783,41,1.783,3.348
Louis King,SF,22,10,0,104,15,47,0.319,8,27,0.296,7,20,0.35,0.404,7,10,0.7,0,12,12,1.200,9,0.900,2,0.200,1,0.100,0,0.000,14,1.400,45,4.500,3.400
Luke Kornet,C,26,15,0,103,13,27,0.481,0,5,0,13,22,0.591,0.481,4,6,0.667,13,16,29,1.933,9,0.600,3,0.200,3,0.200,0,0.000,9,0.600,30,2.000,3.867
Jake Layman,SF,27,34,1,231,30,73,0.411,8,35,0.229,22,38,0.579,0.466,13,18,0.722,6,30,36,1.059,9,0.265,7,0.206,5,0.147,10,0.294,12,0.353,81,2.382,2.353
Semi Ojeleye,PF,27,30,0,406,30,99,0.303,15,50,0.3,15,49,0.306,0.379,23,29,0.793,27,47,74,2.467,9,0.300,7,0.233,6,0.200,9,0.300,30,1.000,98,3.267,3.667
Joe Wieskamp,SG,22,29,0,205,20,56,0.357,14,43,0.326,6,13,0.462,0.482,7,13,0.538,4,10,14,0.483,9,0.310,4,0.138,3,0.103,2,0.069,14,0.483,61,2.103,1.621
Enes Freedom,C,29,35,1,411,51,97,0.526,2,5,0.4,49,92,0.533,0.536,24,28,0.857,61,99,160,4.571,8,0.229,5,0.143,14,0.400,20,0.571,42,1.200,128,3.657,7.000
Malcolm Hill,SF-SG,26,19,0,212,24,52,0.462,13,36,0.361,11,16,0.688,0.587,11,14,0.786,11,24,35,1.842,8,0.421,7,0.368,3,0.158,3,0.158,24,1.263,72,3.789,4.789
Brandon Knight,PG,30,5,0,65,10,25,0.4,4,17,0.235,6,8,0.75,0.48,8,8,1,0,8,8,1.600,8,1.600,1,0.200,0,0.000,4,0.800,5,1.000,32,6.400,6.000
Jay Scrubb,SG,21,18,0,121,18,46,0.391,6,21,0.286,12,25,0.48,0.457,7,10,0.7,2,14,16,0.889,8,0.444,4,0.222,3,0.167,7,0.389,9,0.500,49,2.722,2.333
Paul Watson,SF,27,9,3,156,12,35,0.343,6,26,0.231,6,9,0.667,0.429,1,2,0.5,3,24,27,3.000,8,0.889,3,0.333,3,0.333,4,0.444,10,1.111,31,3.444,4.889
Charles Bassey,C,21,23,0,168,30,47,0.638,0,4,0,30,43,0.698,0.638,9,12,0.75,22,40,62,2.696,7,0.304,5,0.217,17,0.739,8,0.348,32,1.391,69,3.000,5.739
Ed Davis,C,32,31,3,201,11,16,0.688,0,0,,11,16,0.688,0.688,6,14,0.429,14,50,64,2.065,7,0.226,3,0.097,9,0.290,5,0.161,33,1.065,28,0.903,3.000
Bruno Fernando,C,23,30,0,152,36,55,0.655,1,2,0.5,35,53,0.66,0.664,15,24,0.625,18,37,55,1.833,7,0.233,1,0.033,11,0.367,14,0.467,24,0.800,88,2.933,4.000
Marcus Garrett,SG,23,12,0,128,5,21,0.238,1,4,0.25,4,17,0.235,0.262,2,5,0.4,9,14,23,1.917,7,0.583,5,0.417,3,0.250,2,0.167,16,1.333,13,1.083,2.500
Markus Howard,SG,22,31,0,176,39,101,0.386,28,70,0.4,11,31,0.355,0.525,20,23,0.87,2,10,12,0.387,7,0.226,9,0.290,0,0.000,7,0.226,17,0.548,126,4.065,2.645
Tyler Johnson,PG,29,6,0,91,6,20,0.3,5,13,0.385,1,7,0.143,0.425,0,0,,3,9,12,2.000,7,1.167,3,0.500,3,0.500,2,0.333,7,1.167,17,2.833,4.333
Abdel Nader,SF,28,14,0,145,12,35,0.343,4,14,0.286,8,21,0.381,0.4,6,10,0.6,4,23,27,1.929,7,0.500,8,0.571,4,0.286,11,0.786,20,1.429,34,2.429,3.000
Jamorko Pickett,PF,24,13,0,176,18,50,0.36,13,39,0.333,5,11,0.455,0.49,1,2,0.5,6,26,32,2.462,7,0.538,0,0.000,7,0.538,5,0.385,12,0.923,50,3.846,4.462
Jahmi'us Ramsey,SG,20,19,0,134,24,58,0.414,5,18,0.278,19,40,0.475,0.457,7,14,0.5,4,9,13,0.684,7,0.368,1,0.053,1,0.053,5,0.263,10,0.526,60,3.158,1.895
Chris Silva,PF,25,10,0,91,8,15,0.533,0,0,,8,15,0.533,0.533,10,12,0.833,13,23,36,3.600,7,0.700,0,0.000,1,0.100,8,0.800,20,2.000,26,2.600,5.300
Tremont Waters,PG,24,3,0,50,4,14,0.286,2,9,0.222,2,5,0.4,0.357,0,0,,0,4,4,1.333,7,2.333,5,1.667,0,0.000,4,1.333,4,1.333,10,3.333,4.000
Cassius Winston,PG,23,7,0,39,4,11,0.364,2,6,0.333,2,5,0.4,0.455,4,4,1,0,1,1,0.143,7,1.000,0,0.000,0,0.000,3,0.429,9,1.286,14,2.000,1.714
Charlie Brown Jr.,SG,24,22,2,177,10,39,0.256,1,12,0.083,9,27,0.333,0.269,9,10,0.9,14,18,32,1.455,6,0.273,10,0.455,4,0.182,5,0.227,18,0.818,30,1.364,2.136
Devontae Cacok,PF,25,15,0,121,21,31,0.677,0,0,,21,31,0.677,0.677,4,7,0.571,8,34,42,2.800,6,0.400,8,0.533,7,0.467,3,0.200,16,1.067,46,3.067,6.200
Haywood Highsmith,SF,25,19,1,163,16,46,0.348,9,28,0.321,7,18,0.389,0.446,2,5,0.4,10,16,26,1.368,6,0.316,2,0.105,3,0.158,3,0.158,13,0.684,43,2.263,2.316
Brook Lopez,C,33,13,11,298,61,131,0.466,19,53,0.358,42,78,0.538,0.538,20,23,0.87,19,34,53,4.077,6,0.462,8,0.615,15,1.154,12,0.923,34,2.615,161,12.385,12.154
Jabari Parker,PF,26,12,0,112,18,38,0.474,8,16,0.5,10,22,0.455,0.579,9,9,1,5,23,28,2.333,6,0.500,4,0.333,1,0.083,8,0.667,13,1.083,53,4.417,5.333
Neemias Queta,C,22,15,0,120,17,38,0.447,0,0,,17,38,0.447,0.447,11,17,0.647,14,17,31,2.067,6,0.400,1,0.067,8,0.533,6,0.400,18,1.200,45,3.000,3.867
Bol Bol,PF,22,14,0,81,15,27,0.556,1,4,0.25,14,23,0.609,0.574,2,5,0.4,4,16,20,1.429,5,0.357,1,0.071,2,0.143,4,0.286,4,0.286,33,2.357,3.000
Sharife Cooper,PG,20,13,0,39,3,14,0.214,1,6,0.167,2,8,0.25,0.25,0,0,,0,5,5,0.385,5,0.385,0,0.000,0,0.000,5,0.385,1,0.077,7,0.538,0.077
Gabriel Deck,PF,26,7,0,56,8,14,0.571,2,4,0.5,6,10,0.6,0.643,0,0,,1,5,6,0.857,5,0.714,1,0.143,0,0.000,2,0.286,2,0.286,18,2.571,3.143
Malik Fitts,PF,24,15,0,63,8,19,0.421,5,10,0.5,3,9,0.333,0.553,0,0,,2,15,17,1.133,5,0.333,0,0.000,0,0.000,2,0.133,4,0.267,21,1.400,2.000
Freddie Gillespie,PF,24,9,2,119,9,22,0.409,0,1,0,9,21,0.429,0.409,3,7,0.429,13,23,36,4.000,5,0.556,3,0.333,9,1.000,5,0.556,18,2.000,21,2.333,5.778
Carlik Jones,PG,24,5,0,23,1,9,0.111,0,1,0,1,8,0.125,0.111,2,2,1,1,2,3,0.600,5,1.000,1,0.200,0,0.000,3,0.600,0,0.000,4,0.800,0.400
Didi Louzada,SG-SF,22,9,1,129,12,33,0.364,9,23,0.391,3,10,0.3,0.5,2,2,1,5,12,17,1.889,5,0.556,2,0.222,2,0.222,5,0.556,13,1.444,35,3.889,3.889
Alfonzo McKinnie,SF,29,17,3,206,24,61,0.393,9,27,0.333,15,34,0.441,0.467,2,8,0.25,13,20,33,1.941,5,0.294,2,0.118,3,0.176,7,0.412,26,1.529,59,3.471,3.059
Mychal Mulder,PG,27,17,3,239,24,77,0.312,17,54,0.315,7,23,0.304,0.422,4,4,1,2,22,24,1.412,5,0.294,4,0.235,2,0.118,8,0.471,13,0.765,69,4.059,2.529
Miye Oni,SG,24,16,0,44,2,9,0.222,1,8,0.125,1,1,1,0.278,0,1,0,1,6,7,0.438,5,0.313,0,0.000,0,0.000,1,0.063,7,0.438,5,0.313,0.500
Quinndary Weatherspoon,SG,25,11,0,73,12,21,0.571,1,5,0.2,11,16,0.688,0.595,5,5,1,2,12,14,1.273,5,0.455,1,0.091,1,0.091,3,0.273,15,1.364,30,2.727,3.545
D.J. Wilson,PF,25,4,1,54,11,15,0.733,0,2,0,11,13,0.846,0.733,8,10,0.8,1,15,16,4.000,5,1.250,5,1.250,1,0.250,2,0.500,6,1.500,30,7.500,12.250
Ryan Arcidiacono,PG,27,10,0,76,6,12,0.5,4,9,0.444,2,3,0.667,0.667,0,0,,0,8,8,0.800,4,0.400,1,0.100,0,0.000,3,0.300,5,0.500,16,1.600,2.000
Joel Ayayi,SG,21,7,0,20,1,6,0.167,0,1,0,1,5,0.2,0.167,0,0,,1,2,3,0.429,4,0.571,0,0.000,0,0.000,0,0.000,0,0.000,2,0.286,0.571
Isaac Bonga,SF,22,15,0,69,3,13,0.231,1,4,0.25,2,9,0.222,0.269,5,8,0.625,4,3,7,0.467,4,0.267,8,0.533,2,0.133,2,0.133,10,0.667,12,0.800,1.200
Chaundee Brown Jr.,SG-SF,23,5,2,104,10,32,0.313,6,18,0.333,4,14,0.286,0.406,5,6,0.833,1,15,16,3.200,4,0.800,2,0.400,0,0.000,1,0.200,7,1.400,31,6.200,5.800
Udonis Haslem,C,41,13,0,83,14,31,0.452,1,4,0.25,13,27,0.481,0.468,3,3,1,4,21,25,1.923,4,0.308,1,0.077,1,0.077,5,0.385,15,1.154,32,2.462,3.154
Kai Jones,C,21,21,0,63,9,14,0.643,1,2,0.5,8,12,0.667,0.679,3,8,0.375,3,8,11,0.524,4,0.190,1,0.048,2,0.095,6,0.286,8,0.381,22,1.048,1.143
Mason Jones,SG,23,4,0,51,7,15,0.467,1,4,0.25,6,11,0.545,0.5,12,15,0.8,1,9,10,2.500,4,1.000,2,0.500,0,0.000,1,0.250,8,2.000,27,6.750,7.750
Sam Merrill,SG,25,6,0,58,8,24,0.333,7,23,0.304,1,1,1,0.479,2,4,0.5,1,6,7,1.167,4,0.667,0,0.000,0,0.000,2,0.333,3,0.500,25,4.167,2.667
Emmanuel Mudiay,PG,25,2,0,11,0,2,0,0,0,,0,2,0,0,3,4,0.75,0,0,0,0.000,4,2.000,1,0.500,0,0.000,1,0.500,1,0.500,3,1.500,2.000
Trevelin Queen,SG,24,10,0,74,15,33,0.455,9,24,0.375,6,9,0.667,0.591,4,4,1,7,9,16,1.600,4,0.400,5,0.500,1,0.100,7,0.700,6,0.600,43,4.300,4.400
Cassius Stanley,SG,22,9,1,155,19,46,0.413,4,17,0.235,15,29,0.517,0.457,10,10,1,5,14,19,2.111,4,0.444,5,0.556,2,0.222,6,0.667,17,1.889,52,5.778,5.444
Isaiah Todd,PF,20,12,0,74,7,26,0.269,4,16,0.25,3,10,0.3,0.346,2,6,0.333,3,9,12,1.000,4,0.333,4,0.333,2,0.167,4,0.333,4,0.333,20,1.667,1.250
Gabe York,SG,28,2,0,21,2,7,0.286,1,6,0.167,1,1,1,0.357,3,5,0.6,0,2,2,1.000,4,2.000,2,1.000,1,0.500,1,0.500,4,2.000,8,4.000,4.500
Cat Barber,PG,27,3,0,13,0,4,0,0,0,,0,4,0,0,0,4,0,1,2,3,1.000,3,1.000,0,0.000,0,0.000,1,0.333,1,0.333,0,0.000,-1.000
Tyler Cook,PF,24,20,2,200,23,38,0.605,0,0,,23,38,0.605,0.605,21,32,0.656,16,37,53,2.650,3,0.150,4,0.200,4,0.200,7,0.350,28,1.400,67,3.350,4.900
Petr Cornelie,PF,26,13,0,38,5,15,0.333,1,8,0.125,4,7,0.571,0.367,3,4,0.75,7,7,14,1.077,3,0.231,1,0.077,1,0.077,4,0.308,7,0.538,14,1.077,1.385
James Ennis III,SF,31,7,0,56,11,24,0.458,3,8,0.375,8,16,0.5,0.521,4,5,0.8,5,7,12,1.714,3,0.429,2,0.286,2,0.286,2,0.286,5,0.714,29,4.143,4.571
Shaquille Harrison,SG,28,2,0,23,2,6,0.333,0,2,0,2,4,0.5,0.333,0,0,,1,3,4,2.000,3,1.500,1,0.500,1,0.500,2,1.000,3,1.500,4,2.000,3.500
Jalen Johnson,PF,20,22,0,120,22,41,0.537,3,13,0.231,19,28,0.679,0.573,5,7,0.714,2,24,26,1.182,3,0.136,3,0.136,2,0.091,9,0.409,9,0.409,52,2.364,2.545
Boban Marjanović,C,33,23,0,128,42,70,0.6,1,4,0.25,41,66,0.621,0.607,13,22,0.591,8,31,39,1.696,3,0.130,0,0.000,3,0.130,15,0.652,24,1.043,98,4.261,3.957
Cameron McGriff,SF,24,3,0,46,5,14,0.357,2,6,0.333,3,8,0.375,0.429,2,2,1,6,9,15,5.000,3,1.000,0,0.000,1,0.333,0,0.000,7,2.333,14,4.667,8.000
Cameron Oliver,SF,25,2,0,43,10,15,0.667,1,3,0.333,9,12,0.75,0.7,2,3,0.667,2,4,6,3.000,3,1.500,1,0.500,1,0.500,0,0.000,5,2.500,23,11.500,14.000
Myles Powell,PG,24,11,0,52,5,17,0.294,1,6,0.167,4,11,0.364,0.324,2,2,1,1,5,6,0.545,3,0.273,1,0.091,0,0.000,3,0.273,8,0.727,13,1.182,0.727
Robert Woodard II,SF,22,12,0,42,2,16,0.125,1,4,0.25,1,12,0.083,0.156,2,2,1,5,6,11,0.917,3,0.250,1,0.083,1,0.083,1,0.083,3,0.250,7,0.583,0.667
McKinley Wright IV,PG,23,5,0,19,2,3,0.667,1,2,0.5,1,1,1,0.833,0,0,,0,0,0,0.000,3,0.600,0,0.000,0,0.000,1,0.200,1,0.200,5,1.000,1.200
Shaq Buchanan,SG,25,2,0,10,1,4,0.25,0,2,0,1,2,0.5,0.25,0,0,,1,1,2,1.000,2,1.000,1,0.500,0,0.000,2,1.000,1,0.500,2,1.000,1.000
Darren Collison,PG,34,3,0,37,2,7,0.286,0,3,0,2,4,0.5,0.286,0,0,,0,4,4,1.333,2,0.667,1,0.333,0,0.000,1,0.333,5,1.667,4,1.333,1.667
Mamadi Diakite,PF,25,13,3,188,25,47,0.532,0,5,0,25,42,0.595,0.532,6,11,0.545,17,42,59,4.538,2,0.154,5,0.385,9,0.692,7,0.538,33,2.538,56,4.308,7.462
Tacko Fall,C,26,11,1,59,5,12,0.417,0,0,,5,12,0.417,0.417,2,7,0.286,7,16,23,2.091,2,0.182,0,0.000,6,0.545,3,0.273,3,0.273,12,1.091,2.545
Aleem Ford,SF,24,5,0,74,6,20,0.3,2,15,0.133,4,5,0.8,0.35,0,0,,2,13,15,3.000,2,0.400,1,0.200,0,0.000,4,0.800,7,1.400,14,2.800,2.800
Chandler Hutchison,SF,25,6,0,22,1,2,0.5,0,0,,1,2,0.5,0.5,2,2,1,0,5,5,0.833,2,0.333,0,0.000,0,0.000,4,0.667,1,0.167,4,0.667,1.000
Justin Jackson,SF,26,7,0,37,5,15,0.333,3,9,0.333,2,6,0.333,0.433,2,2,1,1,6,7,1.000,2,0.286,0,0.000,0,0.000,1,0.143,3,0.429,15,2.143,1.857
Anthony Lamb,SF,24,2,0,8,0,2,0,0,2,0,0,0,,0,0,0,,0,1,1,0.500,2,1.000,0,0.000,0,0.000,0,0.000,0,0.000,0,0.000,0.500
JaQuori McLaughlin,PG,24,4,0,11,0,2,0,0,1,0,0,1,0,0,0,0,,0,0,0,0.000,2,0.500,0,0.000,0,0.000,0,0.000,1,0.250,0,0.000,0.000
Jaylen Morris,SG,26,3,0,16,0,6,0,0,2,0,0,4,0,0,2,4,0.5,0,2,2,0.667,2,0.667,0,0.000,0,0.000,1,0.333,2,0.667,2,0.667,-1.000
Eugene Omoruyi,SF,24,4,0,18,2,5,0.4,1,2,0.5,1,3,0.333,0.5,2,4,0.5,2,5,7,1.750,2,0.500,0,0.000,0,0.000,0,0.000,2,0.500,7,1.750,2.750
Nik Stauskas,SG,28,8,0,39,5,14,0.357,4,10,0.4,1,4,0.25,0.5,4,6,0.667,1,2,3,0.375,2,0.250,0,0.000,0,0.000,1,0.125,1,0.125,18,2.250,1.375
Emanuel Terry,PF,25,3,0,18,0,5,0,0,0,,0,5,0,0,0,0,,8,7,15,5.000,2,0.667,1,0.333,0,0.000,5,1.667,4,1.333,0,0.000,2.667
Moses Wright,PF,23,4,0,14,1,4,0.25,0,1,0,1,3,0.333,0.25,3,3,1,1,2,3,0.750,2,0.500,0,0.000,1,0.250,0,0.000,0,0.000,5,1.250,2.000
Moses Brown,C,22,40,6,345,64,108,0.593,0,0,,64,108,0.593,0.593,43,72,0.597,39,96,135,3.375,1,0.025,7,0.175,16,0.400,20,0.500,53,1.325,171,4.275,5.925
Jarron Cumberland,SG,24,3,0,12,1,2,0.5,0,1,0,1,1,1,0.5,0,0,,1,2,3,1.000,1,0.333,0,0.000,0,0.000,0,0.000,2,0.667,2,0.667,1.667
Damyean Dotson,SG,27,2,0,21,2,4,0.5,0,1,0,2,3,0.667,0.5,0,0,,0,2,2,1.000,1,0.500,0,0.000,0,0.000,0,0.000,0,0.000,4,2.000,2.500
Melvin Frazier,SG,25,3,0,120,13,48,0.271,1,21,0.048,12,27,0.444,0.281,5,7,0.714,5,8,13,4.333,1,0.333,1,0.333,0,0.000,3,1.000,8,2.667,32,10.667,2.333
Scotty Hopson,SG,32,1,0,18,2,4,0.5,0,1,0,2,3,0.667,0.5,0,0,,0,1,1,1.000,1,1.000,0,0.000,0,0.000,2,2.000,1,1.000,4,4.000,2.000
Jay Huff,C,23,4,0,20,0,3,0,0,2,0,0,1,0,0,0,0,,1,3,4,1.000,1,0.250,1,0.250,1,0.250,1,0.250,1,0.250,0,0.000,0.750
Feron Hunt,SF,22,2,0,8,0,2,0,0,0,,0,2,0,0,0,0,,1,0,1,0.500,1,0.500,1,0.500,0,0.000,1,0.500,1,0.500,0,0.000,0.000
DaQuan Jeffries,SG,24,3,0,9,1,2,0.5,0,1,0,1,1,1,0.5,0,0,,0,2,2,0.667,1,0.333,0,0.000,0,0.000,0,0.000,1,0.333,2,0.667,1.333
Scottie Lewis,SG,21,2,0,7,0,0,,0,0,,0,0,,,1,2,0.5,0,0,0,0.000,1,0.500,1,0.500,0,0.000,0,0.000,0,0.000,1,0.500,1.000
Dakota Mathias,SG,26,6,0,16,2,6,0.333,2,6,0.333,0,0,,0.5,0,0,,0,2,2,0.333,1,0.167,1,0.167,0,0.000,0,0.000,1,0.167,6,1.000,1.000
Mac McClung,SG-PG,23,2,0,25,3,6,0.5,1,3,0.333,2,3,0.667,0.583,1,1,1,0,3,3,1.500,1,0.500,1,0.500,1,0.500,3,1.500,5,2.500,8,4.000,4.000
Juwan Morgan,PF,24,2,0,31,2,3,0.667,1,2,0.5,1,1,1,0.833,0,0,,2,2,4,2.000,1,0.500,0,0.000,0,0.000,0,0.000,3,1.500,5,2.500,4.500
Malik Newman,PG,24,1,0,8,3,5,0.6,0,1,0,3,4,0.75,0.6,2,2,1,0,1,1,1.000,1,1.000,0,0.000,0,0.000,1,1.000,0,0.000,8,8.000,7.000
Jaysean Paige,PG,27,1,0,7,0,3,0,0,2,0,0,1,0,0,0,0,,0,1,1,1.000,1,1.000,0,0.000,0,0.000,1,1.000,2,2.000,0,0.000,-2.000
Yves Pons,SF,22,12,0,71,5,16,0.313,3,9,0.333,2,7,0.286,0.406,0,2,0,5,7,12,1.000,1,0.083,1,0.083,4,0.333,1,0.083,6,0.500,13,1.083,1.417
Wayne Selden,SG,27,3,0,19,1,4,0.25,1,2,0.5,0,2,0,0.375,2,4,0.5,0,1,1,0.333,1,0.333,0,0.000,0,0.000,0,0.000,1,0.333,5,1.667,0.667
Deividas Sirvydis,SG,21,3,0,27,1,10,0.1,1,7,0.143,0,3,0,0.15,0,0,,0,6,6,2.000,1,0.333,3,1.000,1,0.333,0,0.000,4,1.333,3,1.000,1.667
Xavier Sneed,SF,24,9,0,39,2,10,0.2,1,8,0.125,1,2,0.5,0.25,0,0,,2,4,6,0.667,1,0.111,0,0.000,0,0.000,0,0.000,2,0.222,5,0.556,0.444
Craig Sword,SG,28,3,0,19,3,4,0.75,0,1,0,3,3,1,0.75,0,0,,0,0,0,0.000,1,0.333,4,1.333,0,0.000,1,0.333,7,2.333,6,2.000,3.000
Jon Teske,C,24,3,0,8,0,1,0,0,0,,0,1,0,0,0,2,0,0,2,2,0.667,1,0.333,1,0.333,0,0.000,0,0.000,1,0.333,0,0.000,0.333
M.J. Walker,SG,23,2,0,8,0,4,0,0,2,0,0,2,0,0,0,0,,0,1,1,0.500,1,0.500,2,1.000,0,0.000,0,0.000,1,0.500,0,0.000,0.000
Tyrone Wallace,SG,27,6,0,75,7,20,0.35,2,8,0.25,5,12,0.417,0.4,1,5,0.2,0,8,8,1.333,1,0.167,3,0.500,1,0.167,2,0.333,7,1.167,17,2.833,1.833
Udoka Azubuike,C,22,17,6,195,37,49,0.755,0,0,,37,49,0.755,0.755,6,11,0.545,18,53,71,4.176,0,0.000,1,0.059,11,0.647,12,0.706,25,1.471,80,4.706,7.882
Paris Bass,SF,26,2,0,7,2,6,0.333,0,2,0,2,4,0.5,0.333,2,2,1,2,2,4,2.000,0,0.000,1,0.500,0,0.000,2,1.000,2,1.000,6,3.000,2.500
Jordan Bell,C,27,1,0,2,0,0,,0,0,,0,0,,,0,0,,1,0,1,1.000,0,0.000,1,1.000,0,0.000,0,0.000,2,2.000,0,0.000,2.000
Vernon Carey Jr.,C,20,7,1,44,7,13,0.538,0,0,,7,13,0.538,0.538,6,13,0.462,8,4,12,1.714,0,0.000,2,0.286,1,0.143,3,0.429,4,0.571,20,2.857,2.714
Ahmad Caver,SG,25,1,0,1,1,1,1,0,0,,1,1,1,1,0,0,,0,0,0,0.000,0,0.000,0,0.000,0,0.000,0,0.000,0,0.000,2,2.000,2.000
Zylan Cheatham,SF,26,1,0,5,0,3,0,0,2,0,0,1,0,0,0,0,,0,0,0,0.000,0,0.000,0,0.000,0,0.000,0,0.000,0,0.000,0,0.000,-3.000
Sam Dekker,PF,27,1,0,1,0,0,,0,0,,0,0,,,0,0,,0,0,0,0.000,0,0.000,0,0.000,0,0.000,0,0.000,0,0.000,0,0.000,0.000
Javin DeLaurier,C,23,1,0,3,0,0,,0,0,,0,0,,,0,0,,0,1,1,1.000,0,0.000,1,1.000,0,0.000,0,0.000,1,1.000,0,0.000,2.000
Cheick Diallo,C,25,3,0,31,3,8,0.375,0,0,,3,8,0.375,0.375,5,6,0.833,4,8,12,4.000,0,0.000,1,0.333,0,0.000,1,0.333,6,2.000,11,3.667,5.667
Sekou Doumbouya,PF,21,2,0,16,5,8,0.625,1,2,0.5,4,6,0.667,0.688,3,4,0.75,2,4,6,3.000,0,0.000,3,1.500,2,1.000,2,1.000,1,0.500,14,7.000,9.500
Jaime Echenique,C,24,1,0,3,0,0,,0,0,,0,0,,,0,0,,0,0,0,0.000,0,0.000,0,0.000,0,0.000,0,0.000,0,0.000,0,0.000,0.000
Rob Edwards,SG,25,2,0,11,1,4,0.25,1,4,0.25,0,0,,0.375,0,0,,0,3,3,1.500,0,0.000,0,0.000,0,0.000,1,0.500,0,0.000,3,1.500,1.000
Jordan Goodwin,SG,23,2,0,6,0,3,0,0,1,0,0,2,0,0,0,0,,0,1,1,0.500,0,0.000,0,0.000,0,0.000,0,0.000,1,0.500,0,0.000,-1.000
Tyler Hall,SG,24,1,0,2,0,0,,0,0,,0,0,,,0,0,,0,0,0,0.000,0,0.000,0,0.000,0,0.000,0,0.000,0,0.000,0,0.000,0.000
Aaron Henry,SF,22,6,0,17,1,5,0.2,0,1,0,1,4,0.25,0.2,0,0,,0,1,1,0.167,0,0.000,0,0.000,2,0.333,2,0.333,2,0.333,2,0.333,-0.167
Nate Hinton,SG,22,2,0,2,0,1,0,0,0,,0,1,0,0,0,0,,0,0,0,0.000,0,0.000,0,0.000,0,0.000,1,0.500,0,0.000,0,0.000,-1.000
Wes Iwundu,SF,27,3,1,82,8,18,0.444,3,5,0.6,5,13,0.385,0.528,3,4,0.75,3,10,13,4.333,0,0.000,1,0.333,0,0.000,1,0.333,8,2.667,22,7.333,8.000
DeJon Jarreau,SG,24,1,0,1,0,0,,0,0,,0,0,,,0,0,,0,0,0,0.000,0,0.000,0,0.000,0,0.000,0,0.000,0,0.000,0,0.000,0.000
B.J. Johnson,SF,26,4,0,65,11,25,0.44,4,10,0.4,7,15,0.467,0.52,0,0,,6,9,15,3.750,0,0.000,0,0.000,1,0.250,0,0.000,4,1.000,26,6.500,7.000
David Johnson,SG,20,2,0,2,0,1,0,0,1,0,0,0,,0,0,0,,0,0,0,0.000,0,0.000,0,0.000,0,0.000,0,0.000,0,0.000,0,0.000,-0.500
Joe Johnson,SG,40,1,0,2,1,1,1,0,0,,1,1,1,1,0,0,,0,0,0,0.000,0,0.000,0,0.000,0,0.000,0,0.000,0,0.000,2,2.000,2.000
Jemerrio Jones,SF,26,2,0,15,2,3,0.667,0,0,,2,3,0.667,0.667,0,0,,2,1,3,1.500,0,0.000,1,0.500,0,0.000,0,0.000,2,1.000,4,2.000,3.500
George King,SF,28,4,0,19,0,5,0,0,4,0,0,1,0,0,1,2,0.5,0,5,5,1.250,0,0.000,0,0.000,0,0.000,1,0.250,4,1.000,1,0.250,-0.250
Arnoldas Kulboka,SF,24,2,0,5,0,1,0,0,1,0,0,0,,0,0,0,,0,0,0,0.000,0,0.000,0,0.000,0,0.000,0,0.000,1,0.500,0,0.000,-0.500
C.J. Miles,SG,34,1,0,2,0,0,,0,0,,0,0,,,0,0,,0,0,0,0.000,0,0.000,0,0.000,0,0.000,0,0.000,1,1.000,0,0.000,0.000
Matt Mooney,SG,24,1,0,2,0,1,0,0,1,0,0,0,,0,0,0,,0,0,0,0.000,0,0.000,1,1.000,0,0.000,1,1.000,0,0.000,0,0.000,-1.000
Ade Murkey,SG,24,1,0,1,0,0,,0,0,,0,0,,,0,0,,0,0,0,0.000,0,0.000,0,0.000,0,0.000,0,0.000,0,0.000,0,0.000,0.000
Daniel Oturu,C,22,3,0,27,3,6,0.5,0,1,0,3,5,0.6,0.5,3,5,0.6,1,4,5,1.667,0,0.000,0,0.000,2,0.667,0,0.000,1,0.333,9,3.000,3.667
Trayvon Palmer,SG,27,1,0,17,0,1,0,0,0,,0,1,0,0,0,0,,0,2,2,2.000,0,0.000,0,0.000,0,0.000,1,1.000,2,2.000,0,0.000,0.000
Norvel Pelle,C,28,3,0,19,3,5,0.6,0,0,,3,5,0.6,0.6,0,0,,3,3,6,2.000,0,0.000,0,0.000,1,0.333,2,0.667,1,0.333,6,2.000,3.000
Micah Potter,C,23,3,0,31,5,11,0.455,0,2,0,5,9,0.556,0.455,2,2,1,4,5,9,3.000,0,0.000,1,0.333,1,0.333,1,0.333,4,1.333,12,4.000,5.333
Matt Ryan,SF,24,1,0,5,1,5,0.2,1,5,0.2,0,0,,0.3,0,0,,0,0,0,0.000,0,0.000,1,1.000,0,0.000,0,0.000,0,0.000,3,3.000,0.000
Jordan Schakel,SG,23,4,0,30,1,11,0.091,1,6,0.167,0,5,0,0.136,2,2,1,2,6,8,2.000,0,0.000,1,0.250,0,0.000,1,0.250,0,0.000,5,1.250,0.750
Tre Scott,SF,25,2,0,11,3,6,0.5,0,1,0,3,5,0.6,0.5,0,0,,1,1,2,1.000,0,0.000,1,0.500,1,0.500,0,0.000,2,1.000,6,3.000,3.500
Marko Simonovic,C,22,9,0,35,4,15,0.267,1,5,0.2,3,10,0.3,0.3,8,11,0.727,5,5,10,1.111,0,0.000,1,0.111,1,0.111,2,0.222,6,0.667,17,1.889,1.444
Jaden Springer,SG,19,2,0,6,1,1,1,0,0,,1,1,1,1,0,0,,1,1,2,1.000,0,0.000,0,0.000,2,1.000,1,0.500,0,0.000,2,1.000,2.500
Tyrell Terry,PG,21,2,0,3,1,1,1,0,0,,1,1,1,1,0,0,,0,0,0,0.000,0,0.000,0,0.000,0,0.000,0,0.000,1,0.500,2,1.000,1.000